work_id	author_id
27703627	1814480
2074546	48366
42608885	4534296
27703271	14645076
41995872	2764373
56965633	15378190
56965633	21158752
37603731	4019378
18514807	191655
39672815	1142837
8568086	465498
8568086	5774349
11997540	1142837
2399311	191653
10128060	2985368
10342538	1228572
10342538	4613038
12107131	465498
15798872	845698
31210181	2897149
22403823	299757
51173112	1142837
25220915	7801622
32224785	2892642
39926277	17700434
2434950	6913270
15517290	2745872
11490434	768025
37505990	17490710
58295564	22458
981224	494636
42212252	18500837
42128714	7104301
39122092	2904431
18631681	4862702
17310777	6914747
6989524	465498
12209187	845698
8534980	465498
17856355	7066532
44850925	4796746
54884150	7102644
26008235	14191605
51208697	20015201
25647152	465498
27275383	2897149
34396046	14641742
11233928	4071310
39672821	3284005
20871921	15647786
27674832	540628
13598396	1228572
13598396	4017447
30484690	15333186
42008485	4952644
7331480	465498
20881441	2333414
10643273	465498
38120368	8426325
6882527	465498
15642477	14645091
11280499	465498
43792100	18838310
42235776	7834342
27608828	3496146
12878189	896327
22376806	2897028
42004588	16603901
4850567	2019077
39690545	1833160
10358309	3471129
48889975	917584
16070431	4380387
11230214	6469620
39310779	948017
8087908	845698
42003939	191655
8823889	251769
19517026	14739712
11688040	4019378
25214211	13708024
32271255	2892920
32271255	465498
38032750	4923324
20801561	458836
33372444	7104301
33372444	6596615
31292541	7816
39792746	2450573
39792746	15517776
3754711	1599504
303482	1019403
13644082	891588
39554968	14645091
41058490	4868803
12804585	14645091
13269832	2745872
7119008	465498
18134895	891588
44752097	7570671
7743422	465498
18661479	2450573
22713965	2925940
58511029	3050088
35616089	896327
23643183	896327
42335972	465498
36887332	17416918
42001227	896327
44036591	896327
27703389	2745872
36884663	17416354
38806521	4085245
35097596	8637704
3401591	465498
3401591	5764540
15180256	6257281
53319005	22458
34051269	14873732
40327834	18081327
6868249	3076781
12768677	14760776
10772921	465498
27703491	5108132
11384518	465498
3380429	768025
6648640	1228572
6648640	3516968
31948191	14546973
39522093	2967356
3358339	40485
43233822	2913789
37833034	7570671
6547545	6913270
33961059	896327
31579096	896327
42003388	896327
40701493	14739712
39111193	896327
31940424	15755486
41996499	18460804
10463695	891588
58132188	242358
32256204	3314858
37605178	4862702
54169150	20426868
29712755	15617762
37927504	865765
33104924	4289762
4017833	1712465
24428398	7301892
9695987	14546973
32941383	16068133
38152188	17639213
41849052	465498
42290613	948017
7070520	465498
41862057	896327
9743864	4853906
20932317	7444432
43306047	540628
42039346	18465656
42216586	4590228
37536202	4552239
12454290	2892920
12454290	191655
28510597	2897226
39506040	1427803
86244	49352
86244	786082
2752069	292054
51390014	7834342
27158797	3387695
27158797	4868803
44636459	4020555
32697983	8466765
12048414	17142
27079189	1645516
7202044	465498
10663667	465498
26850169	1228572
12155603	191655
19458535	7816
905033	129440
905033	3453272
905033	2988619
39408832	2502071
42053932	465498
29985350	5065226
38223819	4201300
37603897	17516056
39426847	4292781
45550842	19138255
28966432	5098116
12681706	5222207
37288775	17467439
35662405	17023548
2859065	1240911
2944042	1026409
39513848	4127792
29981607	15199521
39533709	896327
36105410	896327
9808065	540628
53258166	1770561
31375541	15582894
10103486	6913270
10103486	2897028
10103486	50824
10103486	4465974
45298027	1368005
6384018	541034
10313510	540628
55704312	6913270
26059612	1439397
37286990	896327
24266989	896327
39560396	4743112
20445589	2897028
23399058	1142837
52175886	20104878
18649309	1833160
10373901	465498
32362019	15841190
32362019	4638020
32362019	4566492
41984832	18149831
36118936	990395
36118936	14432562
40427742	18101578
3302306	788396
24486179	788396
11744561	788396
9752189	17608930
29615505	788396
1787296	788396
1787296	211688
11502539	4890821
41896078	4552239
49404866	465498
11436547	432386
21546286	8081392
52281053	22458
31948713	432386
41262830	18326480
10364453	948017
39764475	1142837
27275402	2897149
37989153	4016705
28310824	1979833
4822409	292054
41504817	4320921
42005171	2764373
37935366	917584
11141907	4797248
4034051	1719381
4068721	1508417
36343385	465498
10693241	191655
11791731	14739712
25256087	13746122
33124211	4465974
33124211	4839483
6385561	21395725
12059667	14546973
37605767	4019378
18624161	1833160
7351576	373138
39614757	14313173
26275193	14265957
51351116	1297752
9737953	4470898
37605136	17516406
32345267	465498
32345267	4140756
35119782	1619178
55729473	20826318
23629044	2897149
3201301	3376364
19403251	381235
20497029	4756796
23269264	2764373
9756414	3505454
41775139	4020555
26137994	948017
6384091	2892920
6215822	3284005
12825995	5261404
10271670	14760776
39425954	7711246
12296345	2341614
32346187	15762866
32346187	2341614
28381707	2764373
49628131	2045867
10318824	3128278
40456843	2764373
49599352	4894601
18686703	1368005
15516837	6256905
36441552	17249814
37983698	4349684
38006100	17616007
31966486	15767656
41264571	5069183
39430348	4053440
38199165	4349684
27996692	4053436
9971527	1833160
3284203	3050088
35404095	6339804
42325513	4919915
9808778	465498
12065335	4090511
4698221	4201300
12848877	4019378
6395198	2897226
30248950	15272709
30248950	15272710
30248950	5779849
41846008	865765
36067866	191655
31627307	1291453
37432761	4572551
1094816	541034
17832090	4019378
22299198	22458
42054147	1291453
15174109	19081912
26146393	14229517
41899615	18440617
26184099	2892920
30286172	35281
17310841	1356567
30022429	15210217
42136632	18336464
8187443	191655
52290585	465498
9974816	4504711
9974816	4504712
9974816	4126770
41845582	3496146
39526395	465498
57610699	21348197
37447800	4019378
39073067	17790128
922596	3224243
25292903	3128278
6072729	2450573
34874383	292054
24864331	14645091
10409365	4019378
15720755	465498
15720755	5774349
11183174	4806892
45490365	3441360
45490365	19133874
12060254	788396
27731331	22458
21856748	13792787
32351786	15910942
27254494	5074415
37454822	4127792
42138050	18486535
37603556	865765
25097509	1631303
20879234	7871036
18274871	7202517
18274871	7202518
18274871	5555680
21896994	2897226
20879166	3050088
34406661	16501428
3377671	292054
18539148	891588
35365548	16931142
7707610	5074415
8541756	1921636
27703273	14645076
18346556	2764373
41896996	4342141
40445981	17876174
3640811	1228572
8399162	1422029
51953050	465498
6867669	3076573
6867669	3076574
37675875	5977219
27703495	5108132
37995419	2967356
42002880	4741977
31071794	990395
39433152	17864294
58271897	22458
57811164	4032046
15847898	3105737
15847898	3518628
27731335	22458
2823958	1368005
51038342	465498
41266315	4136156
28646347	465498
11177403	14546973
39523687	4552239
13414340	2904431
32229312	465498
32229312	4638020
32229312	4566492
18815426	7393938
40462639	18104126
17665881	6913270
23386291	1674600
20658208	865765
35534959	16987257
41966110	18455784
12691921	3447628
12691921	1043347
23675589	3447628
23675589	1043347
2901224	1240911
37612719	2746297
10110937	2746297
32970271	16078608
23124240	465498
40473674	2967356
32395469	4820277
32395469	15776776
30286148	35281
31455565	458836
16480534	541034
16480534	525136
31566836	4540573
31566836	15647800
16184232	3488963
50582616	19947215
50582616	4020555
16155952	768025
16204542	5069183
37405475	17477489
34844221	2764373
49373920	17416808
36018572	465498
39554259	3500284
1419150	713546
31973645	5149043
53854593	22458
45053100	465498
35018013	465498
37605559	4831297
31940439	891588
31358209	417725
1201988	6913270
15643914	4049299
15643914	1120219
22299199	22458
4454419	1860176
39535949	5339251
13630057	2892642
17882767	861529
37449385	14192199
10247617	1228572
12220945	3344503
26290786	4851942
26727370	4326859
39428979	2897226
32211523	4343174
40464197	4578941
39135736	4363115
22404058	7801622
42756765	292054
40320533	16501504
42013805	18463155
37603553	2925940
18586321	7302899
36883927	17023573
34100040	4031838
39880038	15647786
19335581	465498
32379932	465498
32379932	15917131
40325383	14546973
42215137	14424573
36884660	465498
42013604	18463129
37605473	17516520
27275437	2897149
10663659	465498
11088222	465498
40458585	3278582
31566868	4540573
31566868	1070370
31566868	1243234
31566868	15647800
31567061	4540573
31567061	1070370
31567061	1243234
31567061	15647800
41047106	3036486
41985358	18459952
29331261	2871411
26734130	5074415
41282842	4552239
37286888	865765
41526810	18357321
699294	373364
699294	62713
6387940	2745872
42039454	5069183
50968290	19989985
11938834	788396
11938834	5321070
54652302	4380387
40467785	18104397
45491112	5817526
51569801	15215349
10837828	4731189
38464309	14358497
20304427	4251733
20304427	4251734
27275520	2897149
40475398	2764373
36394620	14645091
25510762	13950070
10895747	891588
30766345	15405435
39426030	17863212
41264798	20318367
39434340	17864483
10842957	4732790
41993760	17553096
11392370	2892920
10532559	14546973
10532559	562074
41896922	17516146
38290433	2764373
41897168	4919915
50181241	465498
50181241	2566922
8187475	2892920
39429828	2764373
42142580	18487317
18216408	129440
26278492	742519
43163610	14546973
9378763	2764373
41167380	2764373
37976392	22458
36980767	13771646
51569883	15215349
25226779	13719024
41979967	15424470
41979458	2764373
36980151	17433178
8059162	3484886
32103567	18462308
42002150	4552239
25990309	14186654
53267285	20239970
11814109	540628
34332264	292054
31446881	4862702
41990386	3496146
54657781	7101553
39768401	17919028
52505789	19274353
38355436	17680936
36863874	681987
39674358	1953928
19246439	14739712
6825236	6469620
54098015	8426325
18649375	1833160
6557432	1244409
16156000	2764373
12637876	2764373
42142645	2764373
53901054	8426325
12157746	4295023
54621802	15647786
12799221	2764373
37605341	14645091
19255472	417725
19255472	4733518
2082292	1769773
50387836	22458
33971242	8426325
33975698	8426325
37603120	896327
40329782	18081474
23274574	2897062
4086129	1738817
23510687	2764373
15847643	15647786
41523064	2764373
37603919	4081187
36451974	3050088
36620306	896327
40391657	15424470
538257	43047
34652332	8176650
8209695	3848791
50588135	17433249
37993714	4016705
6359364	2892642
8702310	2450573
53191767	22458
39568387	107344
39568387	8281240
16042165	3224243
45275211	19090656
44812612	19032850
41269119	1142837
41997571	4578941
27274055	1823649
35974501	14485534
11734503	1105545
42053272	4016705
53191951	4010961
39520940	4661009
9790238	1228572
37993410	4019378
42217522	18501520
28755133	540628
28755133	22458
16042865	6913270
29817921	4343788
13833132	124483
38747816	3387695
30527140	896327
41198636	891588
27057832	8466765
27057832	948017
21842241	6339221
28341599	8371698
28341599	14800237
37888265	5229180
38289761	15004109
9508820	465498
37132685	1291453
22994255	8468152
20651989	191655
27296222	14563453
7697032	865765
7697032	5446304
20879252	917584
35043305	16803172
41780018	3347734
21124853	4197526
21124853	7396571
31089647	334108
21394430	191655
26068873	14208507
26146396	14229518
26146038	14229402
39360099	4071310
34450240	292054
39674407	14546973
40412835	147071
11338099	2897149
36430690	2897149
25357123	1888791
8051682	1228572
8051682	3488251
8051682	3488252
8051682	3488253
12107057	465498
5098765	129440
32136196	5069183
7297603	465498
2526739	1119289
12416565	768025
34491453	896327
41198878	5339251
39091031	292054
19261614	465498
12507096	191653
35673295	7828381
35673295	1508433
1099648	292054
1099648	3007354
39526372	5817526
34220747	13963347
20638022	896327
12204434	845698
55344818	7771534
55344818	20701820
55344818	14554731
13605026	191655
39238232	4242356
39238232	4197526
37602413	5659199
11704659	465498
43610274	14880618
3648419	1548538
58529621	2178269
37286355	14192199
57125906	14645091
20481995	896327
20481995	8179410
36575093	17319229
36575093	7005333
11088228	465498
6970977	1228572
57678464	15578776
15705471	465498
15705471	2879572
22792009	191653
37287014	896327
32430074	15926711
50265052	19884842
10560936	418865
33650876	1823346
39515903	17870948
38670512	14564140
40320276	5108132
22567915	14546973
35869066	2764373
7130842	465498
15720624	465498
15720624	5774349
1333836	636192
41172357	18310897
25095850	1888791
53628448	465498
12801204	4019378
35661869	1823346
28173357	3387695
54625432	2897226
30527463	4038855
31280765	8052438
52477643	7373770
40469925	18104553
21948766	465498
37292454	2913789
28357194	4894601
35097346	16831650
29691685	3269111
39505900	896327
11802671	465498
28659735	14895649
26037109	896327
43851682	465498
7663856	845698
41999307	465498
37989252	17613299
42325788	896327
41845955	18425116
39531032	4552239
36959213	4831358
28345260	14802184
28345260	14802185
44583245	22458
40451993	3496146
31940435	15755491
41910494	18442210
26929337	191653
37603391	17515913
32469678	4085126
35711309	4140756
37997087	4020555
6468064	465498
44872759	3295646
33388119	719878
20879158	1888791
11674364	4935485
32630501	4552239
20409641	129440
20409619	129440
26708088	5223758
41756064	4071310
30418174	896327
40323975	3496146
20648675	14645091
25387974	465498
21993255	2892642
53449598	4016705
53449598	20309124
24998135	7816
17280366	3387695
39429248	17433188
34297287	7871036
3963403	1690187
53261488	1770561
26478473	22458
18304434	129440
32637999	4552239
25427250	2084661
25427250	13853765
3990351	1701228
30006103	465498
42138447	2967356
30799977	5108132
22917594	768025
22917594	6548333
22917594	7794882
37447963	465498
43300672	18715636
36184320	5108132
33352766	16181427
39151291	4019378
22400432	2897028
9454839	331270
7375817	465498
19163916	7484429
37452885	4019378
8041877	3484886
4204081	1770561
39505996	17868275
21851415	541034
31565705	2107268
57105876	21195555
17382345	4326764
50539026	19939523
33550241	16223965
43285549	4019378
39436860	4578941
11661857	4016705
8066492	465498
36980470	4576776
11095985	4557381
23146498	8519903
41451011	1105545
41451011	17142010
7689466	465498
41989718	18460291
17968371	7101553
20744975	180734
20744975	2875766
20744975	322423
17457557	3224243
37605040	4019378
6714727	22458
6714727	552746
7704278	1769773
7704278	1943523
7704278	7351751
7704278	14253977
7704278	14253978
7704278	5556536
7704278	14253979
7704278	14253980
27407225	917584
22713084	7816
37452890	4093271
27675114	540628
17713532	22458
11384524	465498
42052667	896327
37451262	896327
32000778	2892920
37605729	17516610
36089043	465498
37605283	2764373
31566772	15647786
25388044	465498
39136881	896327
38327866	17672677
41899539	2904431
28377220	129440
41899595	1142837
37604851	17416083
8388192	865765
11084780	4319127
11533881	5817526
45723362	465498
34801926	1526177
49918672	1427803
38004038	4019378
21854055	8123289
11499610	465498
20948090	354559
20948090	5306187
20948090	6885745
20948090	7915005
6394962	2897149
53173477	22458
38006118	15346475
26146382	14229510
21957105	8159206
40323373	18080803
41261220	1888791
42001532	18461386
11672134	896327
49999737	17092091
32312510	896327
53934330	8426325
44162913	1163606
18692964	373691
9808854	465498
6295876	43924
6882508	465498
37604464	15703747
1456362	683487
37610428	2967356
27703444	14645091
9190226	465498
31728507	15694203
26195456	14243014
7377489	191653
20971461	896327
7378500	2894019
10373883	465498
42053440	896327
11499621	465498
39756070	4923324
12106842	465498
11580526	4646444
32211522	4343174
34100256	4031838
34100256	16372446
27131671	14739712
53697961	896327
28492817	14546973
7449093	15618563
4934217	540628
42124702	4661009
22080959	7066532
17310794	6914756
618758	116953
10798638	465498
23488799	465498
36312420	2967356
42052574	465498
28425284	458836
11476643	5760927
13560958	417720
45497524	861529
45497524	4364042
42211133	3076715
12060252	788396
41254663	7858677
37606352	17476795
42898952	17608930
37946810	4019378
53107116	1883485
38148021	15066955
37963929	7127623
32176629	4658231
39359925	4876995
39515839	3471129
41778071	3076573
32521630	2887488
37880267	1291453
11709532	191655
41526345	5168181
17974373	7104301
23234796	191655
25244851	13734967
26646862	948674
7303352	465498
7303352	5774349
32637244	15978632
37605689	4548247
1962939	891588
6412272	1291453
16091379	129440
9571900	4423519
9571900	18805996
37605480	17516523
40616263	2764373
7662544	3350821
50940421	896327
43926306	4459470
30833646	15424470
39530662	17874189
25334834	3500283
11366364	4019378
42053832	16516806
41899714	4525996
36863857	465498
37453654	2764373
50588890	4016705
6326814	292054
12155618	6469620
36865732	832695
42217726	3344503
11338070	2897149
11428465	14739712
37606439	17516795
48502355	5774171
25631890	3482156
909739	417720
42149918	18488620
54095030	8426325
53295711	1770561
11718388	19032827
48734907	14238068
36431389	5235406
36431389	465498
36431389	2879511
37604780	4019378
53935204	4727392
19163760	191655
27483093	14417385
38016722	2752254
37604256	17516146
33950292	19081912
41527394	17614211
11742473	2044560
22369870	331270
37997107	17516002
39431637	2897062
18077639	4623072
43656070	4418483
41620272	18334311
21394152	4326859
32133372	15841190
32133372	15841191
43015529	17870937
12793623	5252517
15643909	1120219
5385948	1120219
39772123	17878034
37989559	2764373
33606314	5074415
27242638	861529
27275327	2897149
41863856	4349684
23699311	7825587
20884465	129440
20884465	1421515
15841674	292054
30286162	35281
41937679	18443425
20321368	3999778
23687971	5774171
18478924	1244409
35422892	331269
42010303	18462723
26112037	465498
41281169	18326896
41987721	4349684
27703103	14211963
39569699	896327
24449189	3076715
40441423	18102772
6710019	129440
6710019	1421515
14619310	541034
37405753	2764373
17887121	917584
40324514	465498
56267984	7058228
41527778	2887488
43885735	14913461
39766237	17918841
45216779	19086608
39590750	17878640
34879695	3224243
34879695	5294037
39581594	4504711
29015137	14970829
13581040	891588
32315275	2967356
32651052	18101918
32651052	3482156
29473294	990395
32009035	15792125
32875744	896327
39503893	12626158
39768253	17919016
41775212	18403756
30128536	7023343
38032475	896327
10236735	6469620
41985870	896327
42215976	5817526
22601800	14546973
21918752	6469620
12579258	191655
43262134	788396
25985245	14185243
39522681	2913789
11709540	191655
27703242	2081677
34642090	2502071
10273954	891588
41639069	3387695
30286142	35281
41473579	2745872
14231688	962681
40323034	18080754
30039972	15215349
37392723	17476787
41259152	465498
41155151	896327
9505464	22458
9505464	3023593
9505464	21440701
19306954	22458
15849766	788396
26019103	13538179
5291513	1674599
41891228	18438102
36359987	896327
17230191	191655
33405437	16200650
26419929	2983882
42003291	15094656
36487283	17273711
55508161	432386
14878737	4661009
41487070	3306300
17877091	5047750
37677458	1142837
6050182	2450573
6050182	3502397
19383970	1427803
26010314	14192199
17109651	2936154
12285186	5106690
44117790	3267771
50574794	2783049
50574794	7194356
13655556	22458
1822118	6913270
45329953	15702263
7297028	14546973
32557298	2764373
41778933	14041348
37602924	17515797
32830185	2084661
41527121	896286
37447934	17481071
40771062	22458
40771062	15753447
40771062	3287027
57959352	5760927
32337181	465498
32337181	4071310
32337181	191655
28966429	4464462
37874224	2967356
16102715	2897149
32085437	1142837
40960635	2967356
41421494	18336407
42326120	2967356
41523404	896327
32118831	251769
32118831	15790647
32118831	1979833
42150675	18488750
37987379	22458
32408550	465498
34406656	16501426
39911348	2976656
28551359	292054
28551359	2926899
15849738	3999778
37451223	4019378
30820083	465498
17314842	2897226
15643907	1120219
37289608	17467416
32110409	17416839
54403698	6469620
40475454	3314858
40328489	5069183
6613512	5261404
44854246	18403756
23252547	191655
23252547	8565643
41990273	465498
25280216	2764373
40391594	2084661
40472575	17919016
334258	191655
21896506	541034
19433278	191655
28006561	1883485
28006561	3023631
42011990	2044560
39177079	17808322
18753393	540628
42004178	16603871
42149605	8376058
31641983	4552239
3028495	1300905
42217166	18501478
37194729	3295333
25520912	13963347
18168271	22458
39408154	15154886
12060258	788396
13632133	861529
13632133	440010
37870951	1240897
35396420	191655
29261838	1356962
24911613	2872297
8760217	4168791
8760217	4197526
8760217	4168792
14253219	3127410
25460029	772978
4421301	1526177
38319273	540628
38319273	14372107
45875563	4197526
44763268	118496
27360094	401162
1300003	360219
28309230	374784
28309230	14934746
21354593	530404
11154702	5092027
28623829	14278409
43588738	18104585
23292727	8637704
12382544	891588
36908598	4020555
36601352	990395
36601352	8121797
37605436	7798067
33405890	16200804
23525573	948674
32157784	15848401
13833764	1136952
7959867	3128707
45550956	19438919
41776956	4020555
37602451	4019378
41173457	2764373
31940895	432386
7543154	541034
7918450	15424470
38012176	17612604
29700073	6941390
41980946	2997482
15831040	1142837
33544209	4127921
33544209	7212308
20866542	990395
18425651	2897028
25009250	5759967
32866974	4774761
35673990	7816
35673990	11015467
16041601	845698
35993583	2887488
33840549	4573303
53232877	1508488
46130224	3518568
46130224	17062424
38199114	896327
34494589	4573303
37405600	17477504
38197156	948017
39176877	4525996
9248744	465498
25619448	191653
7853009	6913270
31940426	15755488
56975427	6560430
716321	1019403
41525502	2897226
2399309	191653
33912144	8426325
15237209	6272734
12858774	1888791
7142311	419385
41260926	14806846
41902415	18441055
12141377	5069183
39384562	8121797
41775364	18403784
37960343	17515949
36285966	17175767
44559773	4713630
44559773	891588
37602405	896327
50769353	19481963
41990600	4019378
39177334	17515968
32262168	15762866
32262168	548225
37872736	17585808
13449137	191653
40323039	16600535
41418472	896327
29451209	8364105
29451209	15066217
23488380	432386
27275562	2897149
13632134	861529
27275354	2897149
7992183	896327
20879244	2745872
42014770	14645109
2765290	465498
2765290	824309
37451008	4081187
38032872	17617372
6048429	2764373
41525074	18357089
27219125	2764373
50186135	465498
50186135	2566922
44113477	15130142
7349385	3241946
44019631	251769
27107691	44407
4411131	1425063
41904851	2897062
24943559	13508963
15720972	465498
15720972	5774349
37605829	15682749
15132583	278627
19516261	17732224
28464429	3050088
27387367	322304
50940240	22458
20816379	1883485
43381029	7369493
25003517	7457447
13626528	465498
25019510	7369493
26332263	7369493
27387380	322304
35562758	13963347
25851392	322304
55169168	3050088
25009321	7457447
6431608	22458
31348931	4049299
31348929	4049299
36175843	4049299
35845671	1883485
6385565	1019403
19218706	22458
25560291	322304
19029095	5370162
9298002	541034
18773426	1368005
27131203	3050088
25126148	865765
42600609	18576718
42600609	18576719
16681422	540628
25009167	3050088
28510600	3050088
21534268	865765
7914378	465498
7914378	76645
12363287	3050088
13637072	19081912
12780759	22458
6383299	22458
6383299	235953
27702363	3050088
17622305	22458
17622305	3315826
15787911	22458
1092477	6913270
1092477	38438
16154207	1473599
731473	3224243
36478501	3050088
25851138	865765
10020744	3186713
10020744	17271425
21500138	865765
50236097	917584
24312260	22458
24312260	235953
15790313	10264
15790313	2879511
25324849	3050088
19299847	3050088
2019236	917584
27702371	3050088
20899538	3050088
9664327	865765
19218645	22458
23955196	22458
1077813	6913270
23963839	22458
35819296	1422029
30215410	17732224
45179070	8445473
58510900	3050088
18218896	3321147
55169858	3050088
25134675	3050088
2969783	541034
3639113	5223
3639113	2689263
41047154	17732224
19299819	7457447
27238078	1473599
30032853	7457447
23288402	865765
16135142	3050088
33098839	22458
11831670	613193
27202525	3050088
2200928	432386
24976766	7457447
29742557	917584
30047496	22458
11081458	540628
18720468	22458
27702379	3050088
27387160	3050088
29622363	865765
31280883	22458
25883442	22458
25097651	1883485
19218696	22458
28950551	865765
3191642	540628
27211526	3050088
57422657	19476385
25981900	17732224
27675274	17732224
29404804	15054144
25009247	13538179
25081682	1142837
23879462	7502427
28526607	14545029
42103175	17732224
18679349	3565
27387392	322304
24242988	1228572
27387366	322304
22569195	22458
10890049	1228572
10342509	1228572
36175841	13963347
27387355	322304
22385180	22458
25009237	7369493
38465157	1019403
38465157	2883188
24988481	22458
22569194	22458
27387364	322304
27387356	322304
25259078	6913270
25259078	1340967
25259078	11343853
21518094	2976656
25003536	7369493
41046716	17732224
42103170	17732224
36383961	1422029
41047148	17732224
3725331	1228572
3725331	3143035
41046987	17732224
26210890	1422029
27387649	322304
26232620	22458
27702385	3050088
28503911	7457447
24235424	322304
24948797	322304
17380376	4204205
27275543	2897149
35558193	7457447
28420084	22458
29403989	7457447
24326665	322304
29562076	17732224
25870212	7369493
25003513	7369493
28510596	14545029
25019521	7369493
55048894	540628
29404673	7457447
20960866	3321147
13506915	990395
2890756	6913270
28510601	7369493
25003523	7369493
25134673	7369493
28510603	7369493
25033698	7369493
25009317	7369493
38590693	7369493
26332265	7369493
29404326	7369493
29761009	15144077
28004667	13963347
5391590	465498
25148290	3050088
24109290	8445473
25033805	7369493
22051009	10264
22051009	8191244
22051009	3254859
26000711	22458
26332270	14282685
26209726	7457447
23362016	22458
26803834	22458
27387385	322304
19218698	22458
51987472	19395863
25003524	7457447
24000846	540628
40491104	7457447
29404437	7457447
29404667	7457447
25033750	7457447
42103164	17732224
23711444	322304
24819645	322304
55169323	3050088
34392025	22458
17847405	1770561
29404444	3050088
24442274	6913270
24442274	2897028
29842492	6913270
29842492	2897028
7577169	3321147
9850074	191653
55169155	3050088
13540899	1019403
27387362	322304
27703432	13963347
29404671	17732224
20656243	1368005
27387373	322304
27387382	322304
17380394	5774171
31344579	3050088
26332264	7369493
19463281	22458
37918186	17597979
33098841	22458
36177445	1240911
15853215	788396
15853215	5308609
4992047	788396
19262608	788396
6966347	788396
6966347	3112256
10279355	788396
11304645	2178269
33980167	17732224
26244267	22458
36001051	3050088
29615629	1921636
25033734	7369493
52384236	13535591
27387363	322304
26711107	14392517
25019516	1422029
1536356	613193
43381032	7369493
23963840	22458
3250170	7212913
25009260	8445473
6240419	719878
29246492	13963347
20930138	7457447
39967875	7771534
11329872	7816
25009355	7457447
24304052	1883485
25305004	22458
23986491	417725
22569193	22458
28599647	917584
19028185	1422029
29862280	15167146
26061833	17732224
18990679	1422029
43801062	22458
21531677	1240911
23290704	432386
2183628	2795788
17681040	6913270
26188667	6913270
10345936	6913270
6321371	6913270
6592098	1473599
20828858	22458
22567916	22458
12621387	22458
34371453	1422029
17788851	541034
37645085	7369493
19106780	22458
8316575	540628
6584084	432386
12297011	791071
12297011	5109789
25009318	7369493
25009273	1921636
15817665	540628
29404915	3050088
20960859	22458
27387219	322304
26000687	22458
38906974	22458
2490597	6913270
19546065	3050088
20739817	719878
18246474	432386
18246474	643749
11321589	990395
18487105	458836
22569191	22458
34599150	465498
21939467	22458
25009345	13535591
27387361	322304
9737797	4201297
32616573	22458
31348921	4049299
31348932	4049299
36175844	4049299
25735834	4049299
27863515	4049299
36175840	4049299
28447768	4049299
36175842	4049299
22376430	4049299
22376431	4049299
20504855	4049299
20927095	4049299
31698724	4049299
6633511	6913270
25033733	8249388
33405693	6498680
33405693	16200732
51066391	22458
25801896	22458
24253703	22458
27387354	322304
25009272	7369493
27387386	322304
29405058	865765
26209748	1883485
27387360	322304
25003541	7369493
26704773	7369493
25003508	7369493
25533868	22458
27387372	322304
55169887	3050088
25033565	7457447
23596782	9870482
27387353	322304
51478222	20040066
54665093	21395725
25033696	5759967
11094308	3224243
11094308	837135
27217733	14545029
25009252	7369493
25555857	322304
27387359	322304
25003538	13535594
30215401	17732224
7557043	7816
26332266	13963347
15844202	4037220
15844202	13987103
15844202	13987104
15844202	3255843
15844202	4152779
15844202	13987105
15844202	13987106
15844202	3255732
15844202	2808278
15844202	13987107
15844202	1760767
15844202	7153164
15844202	4970620
15844202	13987108
15844202	3179600
15844202	3179601
15844202	3179599
15844202	3255663
15844202	16934888
33655879	4037220
28503904	3050088
23275030	1814480
25009350	7369493
55169187	3050088
19387373	22458
27387218	3050088
19158485	22458
27516593	13527165
26332260	7369493
11170350	540628
19255010	22458
26332262	7505163
51066374	22458
25548937	3050088
25274738	22458
56351306	8249388
26209722	1883485
26210922	22458
25009235	5759967
6611849	17732224
27387639	322304
27387433	322304
27387368	322304
40614070	1285555
25003537	13535594
27387370	322304
30032851	7457447
58505146	1204079
26209747	1422029
24326668	322304
26215771	5106690
1901061	865765
1901061	38438
21455349	22458
21455349	508749
21455349	8115201
21455349	8115202
21455349	7851606
21455349	21604393
21455349	20283082
21455349	255130
21455349	21604394
21455349	14131779
21455349	7477507
21455349	217551
21455349	21604427
21455349	4534306
21455349	7280290
21455349	21604395
21455349	21604446
21455349	21604396
21455349	1685841
28320224	7457447
27387369	322304
27387434	322304
12387159	788396
12060281	788396
37678936	788396
12349239	7212913
12349239	5124242
2026509	285217
25009261	7457447
56790288	20318367
19448027	22458
27134118	1473599
19051183	22458
25009243	7457447
24017036	22458
27703577	14645109
25003511	7457447
25003548	13535591
25097298	1422029
25533874	22458
8882181	14546973
24645231	22458
54332212	22458
24988480	22458
17205629	1473599
27387300	322304
26600804	1265043
26600804	14360197
25033694	7369493
43381031	7369493
21518038	2976656
17697058	4360584
24976774	22458
22612702	17732224
43364416	3050088
38821396	17732224
22569198	22458
26858960	3848791
24729488	3857719
15173078	22458
15173078	18218552
56413374	3050088
24303926	17732224
19250174	22458
16034260	2897062
16034261	2897062
29962958	1921636
8321338	432386
23812103	917584
6714690	22458
19453283	22458
26109289	5106690
23961976	417725
25009344	7457447
24940817	1422029
30057802	4201300
27387378	322304
31192805	22458
20829721	72605
20829721	6712871
27393329	17732224
26332268	3050088
53940380	917584
40111696	5760924
1093672	540628
20878599	990395
20927098	17732224
25533871	22458
41047046	1422029
18666895	719878
8443143	1356567
6656318	865765
10436663	94147
10436663	4828635
40672417	2887488
25533877	22458
2183521	22458
2183521	14410037
2529168	413594
9298001	541034
1115897	7816
26704766	1228572
18168295	22458
19509135	22458
29482048	17732224
2890732	540628
39434932	191653
6049440	5619821
44660324	22458
19058718	22458
18740808	7369493
8852	947
788134	413594
28369557	3050088
30535305	719878
25003535	7457447
26210925	22458
52613095	22458
25003546	13535591
45175532	19078179
18305422	2897062
5852938	2795788
18922511	5307198
36165828	5106690
27702322	1473599
25003543	13535591
28203909	8637704
2399312	191653
6394629	417725
592221	7816
592221	2871411
592221	891478
592221	2871410
592221	2871412
592221	2871413
592221	2871414
592221	2871415
592221	2871416
592221	1696108
592221	584040
592221	581855
592221	2871417
592221	465503
592221	27996
592221	181316
592221	401242
57446985	7369493
22078110	22458
27387307	322304
25019496	7369493
34305545	7369493
19083119	1422029
56568286	432386
27386352	22458
25003501	7457447
24976801	1422029
7224101	948017
20869936	22458
20869936	7562771
11476266	22458
22914799	865765
41047152	17732224
25496137	1170078
27703398	2745872
18709765	1422029
55169226	3050088
25244853	7771534
30215417	17732224
23963830	22458
42103163	17732224
21563119	8058103
41046875	17732224
22605232	22458
24645214	22458
25003532	7457447
55169922	3050088
25946802	3050088
42103166	17732224
25003505	7457447
27387311	322304
25716582	322304
48613468	22458
30324872	7457447
30180266	17732224
27387306	322304
27387604	322304
25009331	1422029
27387415	322304
27703064	613193
25009354	1422029
25003476	7457447
50180330	1422029
28263056	17732224
25009323	7457447
25519418	22458
27387321	322304
2547421	413594
26244269	7457447
27503646	7369493
28523936	22458
28523936	7957309
28523936	334536
36230358	3050088
34674062	2887488
25850270	322304
25009348	7457447
27387413	322304
16095575	432386
27387399	322304
27387377	322304
25009234	7369493
18168292	22458
27387435	322304
32325739	7505163
27387308	322304
24107409	322304
24645238	22458
42600466	3050088
21458200	948017
13605001	865765
2605078	14546973
2525729	1368005
2637271	7816
26210880	3050088
25098425	7457447
11204836	865765
6386868	865765
26478440	22458
36122073	17123733
36122073	11015467
3564621	1508488
29991741	865765
13511029	432386
2767419	6913270
25033702	7457447
3493168	1473599
3493168	14548914
6788376	1473599
2872246	6913270
25966861	3050088
24278842	22458
6240341	540628
34732854	22458
6788529	3050088
6435450	228089
6435450	4804669
50731432	22458
10721084	22458
24991504	917584
37604434	917584
27702398	3050088
11538836	22458
2404865	7816
20321918	540628
29546288	917584
7421140	540628
28493144	3050088
1093699	540628
7139407	7816
7139407	322304
23579383	432386
5774488	432386
19194888	1473599
8337123	1770561
31692384	22458
13487996	3948
1720447	2839656
1720447	5446304
10830682	1473599
27702407	3050088
8691741	6913270
25247150	1508488
18243124	947
18243124	5032448
27211608	3050088
22694775	7871036
9506010	2976656
26428985	1526177
12283075	191653
3035836	1473599
53213788	1770561
13502755	17732224
13502755	5761056
13502755	5761057
6712112	1770561
19278220	22458
25408138	865765
25274623	22458
19309984	22458
25749696	322304
716132	6913270
716132	5446304
36408551	191653
26210913	22458
19463802	1921636
20960860	3321147
31695456	22458
30651504	3050088
22883748	3321147
31695458	22458
35683587	22458
8037342	540628
20960863	3321147
55169254	3050088
2733714	432386
55169265	3050088
27400422	5754446
27400422	7415974
55206755	1473599
36552301	17307384
27387326	322304
32956091	22458
12316421	788396
41046976	17732224
26478437	22458
24146585	322304
22569201	22458
19218718	22458
30215397	17732224
57990279	21475502
31130339	17732224
26812203	22458
22299498	22458
22319119	22458
27702514	2764373
25274743	22458
19252081	22458
25274749	22458
19509113	1883485
19218692	22458
50152495	15484969
50152495	2049643
35910844	17732224
25274627	22458
24250200	8637704
25064955	22458
27387298	322304
37651327	17732224
28265937	17732224
19218682	22458
30180411	17732224
7543172	541034
19488626	17732224
27387654	322304
27387425	322304
25533875	22458
27387431	322304
28358584	14806846
25274632	22458
27387428	322304
25912335	322304
27387315	322304
41046977	17732224
22371252	7816
22371252	322304
27387416	322304
27387436	322304
22093473	22458
23927685	7457447
23392883	1422029
18919401	540628
27387427	322304
26244260	22458
6162540	917584
53261261	20237515
41046989	17732224
830875	432386
30215399	17732224
55169355	3050088
36488564	432386
23844289	322304
22242256	8249388
15760378	22458
34328771	3050088
26137999	17732224
24107415	322304
20801547	458836
27387418	322304
27387613	322304
43785040	22458
26244263	22458
22041156	7457447
25009320	13535591
12106963	465498
17236158	432386
53291637	1770561
31179150	17655385
55169453	3050088
18629121	191653
55169278	3050088
15830498	1770561
1811422	17732224
12061057	4567337
19478706	3321147
8300910	1770561
27675337	14641742
1249630	6913270
1249630	6999013
8853156	2892642
15841688	2887488
25019502	7457447
22569188	22458
1802104	1019403
27387319	322304
31936912	7771534
44688227	191653
24882573	22458
26209723	1883485
35845670	1883485
25019514	13535591
24592613	3050088
20413864	22458
20413864	7262042
25009228	7457447
26210881	1422029
23850045	1422029
20957038	990395
19248308	22458
27387312	322304
32325707	7505163
24107397	322304
39124473	322304
27387420	322304
22371250	322304
34674058	2887488
38911397	3050088
55169986	3050088
21463560	1422029
20801586	458836
55169485	3050088
20560519	22458
25003502	7457447
34676562	3050088
24326656	322304
32437650	14739712
32437650	4020555
22837096	7816
22837096	322304
44147033	413594
57456757	413594
11742922	541034
20744050	7816
20614595	5759967
33873999	5760927
33873999	16318125
29869137	7816
25148966	7816
8070004	7816
8070004	1231596
29921152	7816
29921152	7756420
24980176	5759967
20525113	1422029
16077402	7816
16077402	845698
16077402	17364785
24782170	8249388
22007423	1422029
25033697	7369493
25009249	7457447
21394161	22458
18868098	22458
27387643	322304
27387314	322304
25009217	3050088
25009347	7369493
26244268	22458
22450701	7816
27387646	322304
25884315	2887488
43381033	7369493
21012724	990395
18751859	7373583
55170179	3050088
25009233	7457447
25009257	7457447
18243366	22458
22950194	322304
22569189	22458
27386340	22458
27387412	322304
27387317	322304
26159982	322304
27387429	322304
25019511	1422029
27387320	322304
25923187	2897062
22712756	2897062
57021858	432386
21400741	22458
25100397	1422029
23926114	22458
48844266	1770561
35132704	3050088
25877170	322304
24326657	322304
19218643	22458
24845686	22458
11535868	432386
25009219	7457447
13418993	541034
20708139	191653
27387623	322304
51217794	1422029
20760374	917584
22569199	22458
10548418	14645118
25003503	7457447
19507283	17732224
27702494	990395
24107464	322304
31565652	7369493
27387310	322304
25003531	13535591
27387324	322304
27387442	322304
25033792	1422029
25003542	7369493
32325729	7369493
25033803	7369493
25009324	7369493
1093674	540628
37873062	17514614
39220679	16861666
24976749	2897062
51044755	2897062
51179792	2897062
52321317	2897062
25017263	2897062
52228921	2897062
26232422	2897062
26232485	2897062
19253367	2897062
26232459	2897062
25131592	2897062
25979818	2897062
25511156	2897062
25131589	2897062
19253366	2897062
25131591	2897062
17396721	2897062
26161049	2897062
26244254	2897062
25326946	2897062
26210882	2897062
25334836	2897062
24766173	2897062
24766263	2897062
26210883	2897062
7796977	2897062
19204289	2897062
20497745	2897062
24766254	2897062
19495787	2897062
23996827	2897062
52099965	2897062
30292064	2897062
52882415	2897062
26210884	2897062
7533461	1019403
25019522	1422029
24928747	322304
4520618	868879
19397735	22458
7506609	6913270
19163516	1883485
26210887	1883485
19306952	1883485
26209724	1883485
20760033	1883485
35845673	1883485
26159986	1883485
26159985	1883485
26146438	1883485
21405752	1883485
19376469	1883485
24808708	1883485
20749957	1883485
38619234	1883485
25129500	1883485
22758469	1883485
20528000	1883485
21405743	1883485
19376468	1883485
21936567	1883485
19376467	1883485
18804519	1883485
21936566	1883485
19376470	1883485
32808989	1883485
19376471	1883485
32808987	1883485
22667439	1883485
20758583	1883485
26210885	1883485
26210886	1883485
24823765	1883485
22295349	1883485
22693942	1883485
25027265	1883485
24976753	1883485
43381034	1883485
20760054	1883485
20527999	1883485
22242254	8249388
25915142	1422029
32956089	22458
2695321	4066165
20869097	6913270
27387302	322304
25009326	7369493
13319765	22458
2183525	22458
25003544	7457447
42600465	13963347
1892261	392933
19457002	3050088
27387316	322304
25003482	7457447
20960862	3857719
52366743	19497796
53111628	22458
25533876	22458
25003530	1422029
22299499	22458
24034542	22458
27387299	322304
19059365	7457447
25009335	8445473
14325164	2093398
3195575	540628
12418094	22458
22569190	22458
55169520	3050088
25144437	3050088
26159983	432386
21569548	22458
21569548	334530
20960861	3321147
24076451	22458
22542451	22458
24976775	22458
25274703	22458
25274638	22458
20496679	22458
19219220	22458
25533872	22458
25019515	14739712
25274662	22458
27393331	17732224
27387305	322304
24645232	22458
42600595	7369493
35085720	3050088
25357921	72605
6788442	1473599
26000750	22458
25064954	22458
25534912	22458
27387351	322304
22569200	22458
24645227	22458
55169544	3050088
26803833	22458
24303956	1368005
19539001	22458
54740782	22458
54740782	1744904
11538858	22458
18414	3063220
18414	38866
27387421	322304
25033747	7369493
25009259	13535594
53001911	22458
27387309	322304
25009332	8445473
19028099	540628
43853600	5759967
25019509	7457447
25003515	7457447
26332261	7369493
10830392	990395
23341515	3050088
24528161	22458
6294139	1831
6294139	2860196
697341	14546973
20685289	432386
24430813	22458
22242257	8249388
20731292	22458
25033807	3050088
20986490	17732224
24267057	22458
28373290	7369493
25009325	7369493
571938	94147
15760346	3155456
15760346	6445620
53818347	20373766
24077213	4017416
32894387	16055811
17342327	1567694
17342327	5164652
24304099	4017416
24423647	4017416
26242312	4017416
5453576	1422029
16679517	6757762
41700340	18384887
40381903	18090287
22796983	6913270
22796983	2897149
22796983	1018127
1026496	1764614
22320080	4053440
25768231	6378
25768231	2938140
25768231	2938141
25768231	35760
21531676	8076838
22317607	8076838
2755882	1204079
11423425	4732790
19028065	2192
19028065	7348975
19071552	22458
82888	22458
9524557	22458
87263	22458
5852843	22458
12402229	22458
19312352	22458
6714503	22458
2751322	22458
2751322	18416277
20922651	22458
5978900	22458
25064956	22458
1436908	22458
6714571	22458
618779	22458
618779	21416022
10988640	22458
10988640	1623683
10988640	20889756
1900672	22458
1900672	7957309
27731330	22458
1436913	22458
17227215	22458
17227215	1466877
17227215	6341126
57394108	22458
27731336	22458
19028019	22458
19492050	22458
19218716	22458
21897173	4713630
22317610	4873766
19320598	4105682
29884902	4105682
40476795	4105682
37604670	4105682
37287118	4105682
12209323	1883485
12738569	1883485
12077633	1883485
12738584	1883485
12209319	1883485
36051842	1883485
39146412	4650005
909710	465498
16040471	381752
34338787	16470102
10258819	4591085
34100103	4031838
34100172	4031838
25924744	4031838
25924745	14168717
57493194	21305135
20926375	2897226
20447109	2897226
41551007	18361159
12006352	4020555
25320147	4020555
27703112	4020555
12746824	4016705
24266991	4016705
22920674	4016705
19253407	6936536
27363584	6936536
22302396	8264031
29842493	15160944
12145748	458836
28659698	2887488
25947318	2887488
10430629	4637978
8618601	3137322
9797371	4487186
2434508	6913270
2434508	2897028
21394156	7730576
20416782	7730576
33795895	16274473
38598059	17716766
20751828	7830534
45510016	14168355
26146398	14229519
26146398	14229520
25163438	13658386
7721140	13538179
19401476	2084661
34494711	2084661
30928587	15444410
56506984	21035586
11549615	4904211
11959134	5018275
15764841	6447345
15764841	6447346
20317028	6447345
20317039	6447345
20317047	6447345
53773869	6447345
20317041	6447345
17233613	6447345
28384902	6447345
5138737	903
17233582	6033508
20927848	4066760
12062874	4066760
56554567	21048512
8337902	4598417
30018313	4598417
10288760	4598417
27703461	4598417
27703464	4598417
27703466	4598417
27619598	4598417
27619598	7322954
35673079	4598417
27703482	4598417
10288761	4598417
23760772	10773149
19253365	1526177
32246539	3076573
23668256	7046629
23761156	10773325
334255	191653
11476957	191653
8168339	191653
25201398	4019378
35229710	4019378
18656600	7392229
19194357	3220664
19194357	7491389
19312849	5206967
10320964	4607338
23580250	6936923
37605541	599110
22039897	8187821
51928732	9808036
37618018	17516136
12469183	8393788
12023592	16052684
12023592	16052685
12023592	16052686
12023592	16052687
53780230	20367622
20440351	7737461
31080567	7505736
10439380	4640339
27703661	7834342
22322828	7834342
25408649	7834342
29438862	7834342
51341780	19358257
12528921	5178256
26146400	14229522
8585077	4119920
20743835	7827707
44106403	25157
12263495	5046921
29386392	15049121
24129848	11362942
1884735	2745872
10842956	2745872
4715098	2745872
25605605	2745872
28000478	14715472
25923228	7194227
29519941	15086050
25434541	13855567
26146378	4291689
12827579	4291689
29503046	15081722
34870702	15081722
8460128	4107650
27703928	4107650
34482058	4868135
28042162	3466023
25869894	14151883
36488850	8595965
40324717	8585440
32621944	15975860
42613628	15264109
30978232	15453987
39520669	7074030
11200648	4810966
24303844	5754446
24303844	7348975
10424766	5754446
10424766	4210240
6324431	5754446
6324431	2877800
27400414	5754446
27400414	7415974
24502052	5754446
24502052	7348975
20792971	5754446
20792971	7843850
3762355	5754446
25578842	5754446
25578842	7415974
36884642	4380387
37606065	17481268
39427027	17863359
12242803	4722471
16120628	142271
41267215	191653
43923467	14546973
7697015	891588
1436881	22458
58445069	5818115
38032871	15682749
41167328	896327
24158636	4049299
24464306	22458
9640396	6913270
19471748	22458
26244265	22458
20317034	7703744
20317034	7703745
22305541	8265127
3395689	5031312
3395689	3201931
3395689	16843285
