work_id	review_id
2074546	3413147220
2074546	3941268109
2074546	2961204953
2074546	2443448795
2074546	1421761961
2074546	1628346514
2074546	1608981410
18514807	903589663
18514807	4060541014
8568086	3543296536
8568086	3693264468
8568086	111095037
8568086	1238868249
10128060	3407647479
15798872	826218363
15798872	1780026717
22403823	3968705414
22403823	1795525404
51173112	3185782137
2434950	170937978
2434950	3025922282
2434950	108058911
2434950	2440765784
2434950	2508927657
2434950	259537966
2434950	3403123020
2434950	3797183514
2434950	2857628918
2434950	475982942
2434950	3101483894
11490434	3808805907
11490434	409313767
11490434	448591999
11490434	172076501
981224	1589373595
981224	3526174845
981224	1411658161
18631681	736308543
17310777	2343640826
6989524	2194431885
12209187	904553931
12209187	2025320834
12209187	1771291980
12209187	1623063367
12209187	1734448769
17856355	601476942
54884150	3781411964
54884150	4114951555
54884150	3696465996
54884150	3666131675
54884150	3662741066
54884150	3633291961
11280499	3612756185
11280499	772385561
11280499	3410389868
16070431	2001406768
16070431	3108182108
8087908	3064544178
8087908	2156058863
8087908	3422624840
8087908	2018928090
8087908	525449650
31292541	2954272244
303482	3837602855
303482	3837426414
303482	23844166
303482	639633624
303482	23499876
303482	2101402298
303482	2706390830
303482	3408557712
303482	251072915
303482	439335843
303482	1118967303
303482	2829900698
303482	661950135
303482	1962865325
303482	236994411
303482	1919185101
303482	159035371
303482	1093075442
303482	3644717746
303482	1828111291
303482	2109296290
303482	2833620183
303482	2498049121
303482	1767866244
303482	527327459
303482	250418397
303482	2897334529
12804585	1038357087
7119008	3017269436
18134895	2999080917
7743422	1138540706
7743422	1622567437
18661479	3138606333
18661479	1952342694
3401591	1669286765
3401591	3783387318
3401591	3016968798
3401591	2636895953
3401591	3833615778
3401591	3223302866
3401591	1677314864
3401591	1062119163
3401591	2485375536
3401591	1489379820
3401591	4065647820
3401591	2420516514
3401591	3413437574
3401591	1934468267
3401591	2674561355
3401591	1734563082
3401591	2088183374
3401591	4011620951
3401591	3167536527
3401591	3902998123
3401591	3596920492
3401591	468851420
3401591	192593961
3401591	1126602107
3401591	1085034334
3401591	231529106
3401591	2770994622
3401591	2150958092
15180256	1559668314
15180256	3885718889
15180256	3807356834
15180256	2973489539
15180256	3344262434
15180256	2774939347
15180256	3452350372
15180256	3344177705
15180256	4137065987
15180256	3976487166
15180256	3403241375
15180256	3332435107
15180256	3352187222
6868249	514957182
6868249	1736616730
6868249	3727160095
6868249	1539875885
6868249	1670402440
12768677	3917625578
10772921	1800118238
10772921	1986880457
10772921	303843710
11384518	2801985172
11384518	878754673
3380429	572272982
3380429	2707318978
3380429	2858281620
3380429	3771305234
3380429	1524604665
3380429	1431817982
3380429	1333940421
3380429	23499614
3380429	888462602
3380429	2228175946
3380429	1567016448
3380429	3070842066
3380429	868471418
3380429	2311368047
3380429	2266397007
3380429	343288780
3380429	2960065305
3380429	2340521589
3380429	396518022
3380429	3825993306
3380429	1035463485
3380429	2164939502
3380429	3998802736
3380429	2992654645
3380429	3379800266
3380429	4087459059
3380429	3252787587
3380429	2933328346
3380429	2456740580
6648640	2546947420
3358339	1065777906
3358339	504817225
3358339	300084394
3358339	2870638142
6547545	735100525
6547545	3709743145
6547545	2217779685
6547545	1747583715
6547545	447512742
6547545	1919183670
6547545	954168915
6547545	1632227189
6547545	1425080902
6547545	2978684649
6547545	378426154
6547545	997503813
6547545	259534477
6547545	3449118600
6547545	2281393800
6547545	2681622838
6547545	4068892546
6547545	2588044371
6547545	2395742190
6547545	2852819136
6547545	1878809322
6547545	379579405
6547545	214996939
6547545	1867352785
6547545	288295051
6547545	95952870
6547545	1821478208
6547545	1470546433
10463695	3819979733
10463695	2361245219
10463695	4105064810
10463695	310409998
10463695	270350968
10463695	1243999043
10463695	392422429
7070520	3892892611
7070520	1209960637
20932317	1622580750
20932317	1077051534
86244	1412377051
86244	2525155918
86244	295346986
86244	2123019826
86244	1314664695
86244	2410754109
86244	1227613016
86244	1629195812
86244	3045685072
86244	120053960
86244	209008695
86244	78390954
86244	852752642
86244	784540091
86244	2065254606
86244	1578648900
86244	1832956379
86244	2466610742
86244	1054600612
86244	670891573
86244	1034974046
86244	1523178433
86244	2566497031
86244	3625407818
86244	3029473643
86244	2763195268
86244	3500050519
86244	1074706553
86244	1472871686
86244	50145447
2752069	2890390764
2752069	3421494510
2752069	3180589137
2752069	2060811413
2752069	3596939450
2752069	2144816964
2752069	3232603665
2752069	1957956134
2752069	1359575544
2752069	2494734165
2752069	4136587464
2752069	3143580749
2752069	3097218278
2752069	3603746583
2752069	2459805824
2752069	1816824997
2752069	3876372837
2752069	3887690848
2752069	3223178561
2752069	3462370312
2752069	3946135773
2752069	3414877804
2752069	1671800723
2752069	1416524553
2752069	741490826
2752069	843783092
2752069	1296858299
51390014	3596532594
51390014	3950780328
12048414	404383531
7202044	1138538693
26850169	4104879134
26850169	3449042348
19458535	2046812758
19458535	1971589697
19458535	2991720978
19458535	3583536127
19458535	1538065193
19458535	4155526575
19458535	1246620407
19458535	1195549747
19458535	222828850
19458535	924126870
905033	1011012526
905033	1139965613
905033	2058919628
905033	2458637353
905033	3694512447
905033	1596220438
905033	1746931320
905033	586138201
905033	1333226701
905033	2458792882
905033	17655154
905033	361147609
905033	350569813
905033	34883798
905033	261522318
9808065	3474096498
10103486	288295199
6384018	3980795902
6384018	2846214728
6384018	895126154
6384018	2763349591
6384018	51731130
6384018	2958818158
6384018	4095769145
6384018	1135182267
6384018	2770838840
6384018	1223892973
6384018	3202000304
6384018	3990220182
6384018	3308089517
6384018	960389815
6384018	142746512
6384018	613912272
6384018	1538200970
6384018	1536637911
10313510	1749614541
10313510	2715237144
20445589	3417933203
20445589	1000006652
23399058	1088335123
3302306	48039797
24486179	1167442166
1787296	966625212
11436547	556347505
4822409	3261627225
4822409	269960900
4822409	2242134465
36343385	3476280677
36343385	1966471974
10693241	1273086736
3201301	2303365829
3201301	2107949146
3201301	2963201819
3201301	3936747517
3201301	4070938290
3201301	2859799865
3201301	3908859982
3201301	2503060475
3201301	1397025917
3201301	2759579083
3201301	1760889308
6384091	3170566048
6215822	1677386204
6215822	198983379
6215822	2758447692
12065335	1446973310
12065335	3284647818
12065335	2880394666
12065335	2437693101
12065335	1978492017
12065335	1497653568
12065335	218279660
12065335	3747602010
12065335	3778922755
12065335	3249025614
12065335	2294789207
12065335	1079859435
12065335	511667228
12065335	459111528
12065335	872975213
12065335	1542519856
12065335	2981129890
12065335	2860170463
12065335	2200217469
12065335	3199120768
12065335	2134816112
12065335	2560213837
12065335	3918341134
12065335	4109653259
12065335	4147992959
12065335	3848233370
12065335	3914189228
12065335	2787288958
4698221	792553529
4698221	3342792596
4698221	1144157851
6395198	2327242235
6395198	142747968
6395198	4136461741
6395198	2777094649
6395198	3177538281
6395198	52432171
30248950	1660535750
30248950	1645127840
30286172	3545388839
30286172	3506080727
30286172	3933028840
30286172	3379844135
30286172	3027328242
30286172	2749990988
30286172	3625787199
30286172	3164552292
30286172	3475929143
8187443	1892587632
8187443	537446098
8187443	1042271964
8187443	733639393
8187443	2304059239
8187443	742596925
8187443	1756275449
8187443	3506483795
8187443	3873080605
8187443	3388632187
8187443	1469241542
8187443	3418950749
52290585	3882876834
922596	2520173638
922596	1392596443
922596	2023773395
922596	1845500868
922596	598950404
922596	667305536
922596	1749508772
6072729	2716174210
6072729	4017382689
6072729	93873507
6072729	3085380446
6072729	1605666181
6072729	1170378200
6072729	1575321761
6072729	56281986
27254494	1422534847
25097509	1337118547
20879234	3661964154
20879234	1834856176
21896994	3581640888
3377671	2516393907
3377671	3294189921
3377671	3606872682
3377671	1568375707
3377671	3551695771
3377671	1907564720
3377671	1823923062
3377671	2287906494
3377671	3031331155
3377671	2706931236
3377671	530173332
18539148	2698821412
18539148	1649272859
8541756	3616466640
8541756	2593088562
8541756	2529744201
8541756	3600970976
8541756	2851264631
8541756	3650646343
8541756	2692670315
8541756	1652099723
3640811	3874645199
3640811	3930591051
28646347	1995706334
18815426	3933680317
30286148	2591572671
30286148	70542574
30286148	2725966378
30286148	1647697722
30286148	3419705314
30286148	2926760566
30286148	42121468
30286148	2240968862
30286148	589872240
30286148	3027330738
30286148	3059259028
30286148	3874970612
30286148	3295399612
30286148	3073723116
30286148	2678991044
30286148	3173166888
30286148	3154979599
30286148	2314921382
30286148	2613165136
16480534	1781395859
16480534	995686958
16480534	3930056770
16480534	3666379077
16155952	1261436857
1419150	1480808517
1419150	996967684
13630057	3809292861
13630057	2960861535
13630057	1921910435
13630057	3577778205
13630057	1953723687
17882767	1646027560
42756765	2591315246
10663659	1649304658
699294	1595111132
699294	2509848005
699294	186602302
699294	3489179832
699294	2445779135
699294	2291600886
699294	262451610
699294	1268185428
11938834	3849581142
11938834	1115230671
10532559	1396534413
10532559	3533784580
10532559	2985312006
10532559	2453775170
34332264	3693401621
52505789	3580590891
6825236	536333699
6557432	1771055862
19255472	3407580442
19255472	3928288494
19255472	2446401883
19255472	3934036207
19255472	2770848044
19255472	2134413867
19255472	1536914822
19255472	1269928562
19255472	2612819254
19255472	2537398718
19255472	792027381
19255472	530246204
19255472	142748425
19255472	218494007
2082292	898840821
2082292	742662528
23274574	3789488233
23510687	1099675755
538257	2113172817
6359364	1861449910
6359364	2501142443
6359364	3708337812
6359364	3410893617
6359364	2138800903
6359364	2774923275
6359364	3228105011
6359364	2151003627
6359364	1389478742
6359364	2456456134
6359364	2266487076
6359364	1442213286
6359364	1139093108
6359364	1035830098
6359364	138408758
6359364	2354850518
6359364	3551424956
6359364	2955247400
6359364	106873844
6359364	2764454895
6359364	3836251214
6359364	3167504224
6359364	1619109045
6359364	1571559876
6359364	2017772482
6359364	3095112978
6359364	2347092572
6359364	3861332584
8702310	3090061733
8702310	1723853627
8702310	1135697224
16042165	2175915144
16042165	420486138
16042165	420437516
11734503	3191507354
16042865	614480105
21842241	2368451920
7697032	2771032819
7697032	2241090648
7697032	108060037
7697032	1732396033
7697032	3714975300
7697032	123801637
8051682	98939691
12107057	2889922892
5098765	2249696949
5098765	2312162092
5098765	1287285456
5098765	3661572900
5098765	3965436226
5098765	3886151648
5098765	4013999851
5098765	3620967057
5098765	2589723664
5098765	17655156
7297603	3508676668
7297603	659502189
2526739	1622394075
2526739	350540642
2526739	3839385491
2526739	2923118755
2526739	3017289828
2526739	1523818962
2526739	1926325055
2526739	530174029
2526739	3581765689
2526739	3291185000
2526739	3083425352
2526739	3571112721
2526739	3279017605
2526739	3315238147
2526739	3772207992
2526739	1714835935
2526739	1521834195
12416565	3634666994
12416565	704255263
12416565	1896900543
12416565	1360402482
19261614	875407163
19261614	1666418441
1099648	2537008326
1099648	211259476
1099648	602195079
1099648	543368915
1099648	1680031748
1099648	3319754180
1099648	430766060
1099648	2500614209
1099648	635020502
1099648	2711697254
1099648	282650736
1099648	3753528803
1099648	3241968662
1099648	2477229246
1099648	3475664250
1099648	2383488524
1099648	3643754199
1099648	3527242588
1099648	3472138547
1099648	1518019298
1099648	2779713655
1099648	3289812213
1099648	3022634658
1099648	86780873
1099648	2430511622
1099648	3408735540
1099648	447570138
1099648	1313242460
1099648	1166078646
12204434	3944210297
12204434	655783824
12204434	1409336106
12204434	1819128546
12204434	1727679969
12204434	3039591225
12204434	3392912191
12204434	705972782
12204434	404543853
12204434	1846004340
12204434	1672133030
12204434	690129548
11704659	3466835951
11704659	2250074671
6970977	146823212
6970977	3860674173
6970977	3477476285
7130842	1010999151
15720624	2501137030
15720624	3108791495
15720624	1758063254
15720624	399862391
1333836	2654496936
35661869	4013102353
28173357	1977875379
54625432	3548986936
31280765	1711171026
35097346	3716668502
7663856	3886309302
7663856	2254997978
7663856	1893146083
7663856	1680544588
7663856	1787195355
7663856	3991932130
7663856	1255003561
7663856	785571282
7663856	241913938
7663856	1468956255
7663856	2371957417
7663856	776116130
7663856	2581388878
7663856	2249506100
7663856	3678581193
7663856	3299391704
7663856	147058878
7663856	1131773424
7663856	1704342626
7663856	1130723810
7663856	291424243
7663856	1446670306
7663856	1139513837
6468064	2917977420
6468064	2493925798
6468064	2782663998
6468064	1974014808
6468064	1759973125
6468064	1146101731
6468064	2920231004
6468064	2676059655
6468064	1857805779
6468064	1950320637
25387974	2349347292
25387974	1852245280
25387974	2367848591
21993255	1592070923
21993255	2930182667
24998135	506934134
24998135	1609318113
24998135	1602809468
24998135	2006239652
24998135	2754770183
24998135	739312563
24998135	2802946868
24998135	1382656704
24998135	1350627752
24998135	345799639
24998135	2745104138
24998135	2227420854
24998135	894516899
24998135	2985109933
24998135	4063904110
24998135	2993712838
24998135	3375927943
24998135	2679261493
24998135	2246101718
24998135	2768974488
24998135	3974660253
24998135	3021343582
24998135	1292140410
24998135	2363413964
24998135	2371294757
24998135	2398619071
24998135	2537672429
24998135	2780252975
24998135	2909319979
24998135	2945210113
17280366	3511436502
17280366	2103662734
17280366	2203157899
17280366	1314751053
17280366	2443990164
18304434	3284346215
18304434	1655937578
18304434	3693397999
18304434	2192054450
18304434	1316109606
9454839	3960084023
9454839	347904340
9454839	3884365114
9454839	3564480052
9454839	2519969341
9454839	1918103266
9454839	3317705151
9454839	1906868884
9454839	203332096
7375817	2808576869
19163916	2380836231
19163916	908410097
4204081	3286532406
21851415	1165798268
21851415	2999152451
31565705	3731040855
57105876	3843255157
17382345	1452428877
27675114	3496150736
17713532	3319003515
17713532	4020829090
11384524	1796704173
11384524	1890510335
25388044	1264295187
8388192	65618635
8388192	222183027
8388192	568930861
11533881	312651298
49918672	2905565482
21854055	3124422278
11499610	1981951376
11499610	2883669401
20948090	1834013595
20948090	1425696810
20948090	3646186653
20948090	3269203409
6394962	4073927678
6394962	1378086160
6394962	3063356622
6394962	2779048638
6394962	2218764254
6394962	142748289
6394962	52422492
6394962	389128030
18692964	3728954470
18692964	612729132
18692964	2486888350
18692964	2834179259
18692964	3745565185
18692964	4105609044
18692964	4119066239
18692964	570484247
9808854	2498543151
9808854	447603218
9808854	2497343050
9808854	1751030780
9808854	2557968868
9808854	1515113365
9808854	3352577296
9808854	1568982492
9808854	1523919137
9808854	3551868966
9808854	3892904424
9808854	3187881508
9808854	2823231654
9808854	3398616058
9808854	2926519453
9808854	3397411990
9808854	3815651630
9808854	1583633980
9808854	1738695066
9808854	3862395391
9808854	1650631099
9808854	1617495434
6295876	3213349195
6295876	3332714481
6295876	3213670585
6295876	3221328487
6295876	2183870609
6295876	1640026308
6295876	1697760843
6295876	1540074810
6295876	3513407774
6295876	4141888121
6295876	3897927893
6295876	3807155374
6295876	1736704862
6295876	1851385581
6295876	1567062770
6295876	3806706733
6295876	3213883873
6295876	2949356900
6295876	3447452287
6295876	3357779457
6295876	2510336697
6295876	3418738283
6295876	4135316928
6295876	3233004012
6295876	2275520945
6295876	2016890544
6295876	1615738361
6295876	1153506819
9190226	2045181362
9190226	2503609303
9190226	3746057270
9190226	3329283344
9190226	3222616873
9190226	3882808176
9190226	2622173281
9190226	3026874216
9190226	1409229870
9190226	224486618
7378500	2424872087
7378500	2745168197
7378500	2164621004
10373883	3584505639
10373883	3576737915
10373883	1611861587
11499621	1138539532
28492817	1773034282
4934217	1802836701
4934217	3934240592
4934217	3768920567
4934217	3101380255
4934217	34645869
4934217	1779331213
12060252	2546851087
37880267	2363429564
11709532	3927264363
11709532	3666174835
7303352	2131476301
7303352	1688146942
7303352	3241281759
7303352	1311499579
1962939	1510554948
6412272	2543180629
6412272	1886609926
6412272	2638248418
16091379	2451857327
16091379	1808196531
16091379	1811771037
16091379	3806094423
16091379	3571148071
16091379	3435924219
16091379	3154887793
6326814	48860194
12155618	1666378019
11338070	3476671289
11428465	1789822411
909739	9985676
909739	222892928
909739	1870933560
909739	502618745
909739	3389279544
909739	3836255918
909739	292238129
909739	1953289599
909739	2357934128
909739	2224072407
909739	189379116
909739	361752809
909739	1080480067
909739	2467945825
909739	3243831207
909739	1257023855
909739	3618981609
909739	2588553295
909739	2351669404
909739	169783124
909739	202616411
909739	1168197637
909739	2280682510
909739	2826667815
909739	3065508779
909739	2689202345
909739	3834250282
909739	2308414517
334258	2353383547
334258	3166111009
334258	2560707828
334258	1787130236
334258	2051285726
334258	3029856480
334258	3952064979
334258	2950205321
334258	2451316577
334258	1665080118
334258	1551885050
334258	1778128522
334258	1129392868
22369870	1100675633
22369870	3378285574
22369870	1496302944
18077639	3649786822
18077639	896046567
15841674	2766873079
15841674	1760352112
15841674	3392366520
15841674	2422135118
15841674	3693406194
15841674	3319596682
15841674	4151530310
15841674	3400529158
15841674	3551696675
15841674	3974639875
15841674	2830709172
15841674	1385311491
15841674	2810934639
26112037	1522192813
27703103	4040738928
6710019	67519241
6710019	1139967025
6710019	1171094074
14619310	2458785552
14619310	944848115
14619310	357299497
14619310	1100085144
14619310	2879470697
14619310	577056029
14619310	667337605
14619310	311303465
14619310	350570609
14619310	1065077473
14619310	18320169
14619310	1639874805
14619310	895549722
14619310	599547354
14619310	2297641827
14619310	3002534048
14619310	3407616924
14619310	1127529625
56267984	3692630634
29473294	3362311920
29473294	1852621242
30128536	2852387886
30128536	2899544179
10273954	282298414
10273954	2871122391
10273954	1891774243
19306954	1053302674
19306954	3846786587
19306954	4055505538
36359987	3646463576
55508161	3719723567
17877091	3728453780
6050182	143977605
6050182	2910716762
6050182	1751782472
6050182	1906136150
6050182	56281973
6050182	381287740
6050182	3753570033
13655556	1868433814
40771062	2474459520
40771062	2586903687
40771062	2527917661
40771062	2539483370
40771062	2639779844
40771062	2963240820
40771062	2642951988
40771062	2774153677
40771062	2540937612
40771062	2455845105
40771062	2531434097
40771062	3291647276
40771062	2684114223
40771062	2897209662
40771062	4114047326
40771062	3052210524
40771062	3717188147
40771062	3686297615
40771062	3526955847
40771062	4100821721
40771062	3885467908
40771062	3525790076
40771062	3172590104
40771062	3203234789
57959352	3985778455
40960635	2472267361
37987379	4092111021
28551359	2050331259
28551359	1509466811
28551359	1901946621
21896506	2363019132
21896506	3375398587
21896506	2327465190
21896506	4006579138
21896506	3237612036
21896506	3758995734
21896506	2604511360
21896506	4073793157
21896506	2782760769
21896506	1183349636
21896506	1069891684
19433278	2235815930
19433278	4093960075
28006561	2895624538
28006561	1220148954
28006561	2002070330
28006561	2792254528
18168271	2696844083
18168271	2526963756
18168271	3902220951
1300003	185937935
1300003	3870225298
1300003	2690017162
1300003	2324795201
1300003	1532100555
1300003	1678350914
1300003	620997781
1300003	93366354
1300003	286984320
1300003	1453387412
1300003	190809011
1300003	37235714
1300003	153413446
1300003	1685152918
1300003	2082162340
21354593	2115372692
7959867	96863338
7543154	4009237113
7543154	2330912734
15831040	1390442783
16041601	4055191562
35993583	3347127819
7853009	1795724232
7853009	487624735
7853009	1145596636
7853009	3539638355
7853009	2907464103
7853009	259541617
7853009	129148005
716321	337978695
716321	3174632060
716321	3410901980
716321	3459212527
716321	1828877980
716321	1334668397
716321	3442870027
716321	3236453077
716321	896055477
716321	1234361492
716321	3007758291
716321	2955425669
716321	2703654333
716321	191799975
716321	776786444
716321	176364042
716321	3486932778
716321	3443090966
716321	71579322
716321	3335907241
716321	252595167
716321	2883231933
716321	811329421
716321	1130240116
716321	2104332136
716321	2185985252
716321	3369912164
716321	1151035252
23488380	1988342005
23488380	2078948187
23488380	1926247260
23488380	1170159914
20879244	2582613383
20879244	2561146348
2765290	3035566636
2765290	715437452
2765290	3268522327
2765290	1701263420
2765290	1331091658
6048429	2777968045
6048429	4131489022
6048429	142748230
6048429	52417973
6048429	1592324892
15720972	1138582009
15132583	1871233162
15132583	1751424805
13626528	4076542499
13626528	2982316095
6431608	1383731712
9298002	1145996763
9298002	4030902600
9298002	4009237959
9298002	3957834600
9298002	2280722773
9298002	3972434827
9298002	262874722
9298002	1571680875
9298002	636920624
25126148	2992814358
25126148	4044063264
25126148	3739191190
25126148	2285896289
25126148	3586816440
25126148	1678440273
25126148	3875777397
25126148	3947758170
25126148	3563434468
25126148	3982435630
7914378	2501138507
7914378	3802458589
7914378	1935420640
7914378	2392275532
7914378	2774923200
7914378	1383883775
7914378	1138538462
7914378	2126546292
7914378	2885113063
7914378	2846508533
7914378	3712724896
7914378	3304028663
7914378	1909377459
7914378	996921144
7914378	1759972107
7914378	1491002633
12363287	2374494546
13637072	2856089381
13637072	1262909312
13637072	2246659767
13637072	1120768043
13637072	672407363
13637072	2801152227
13637072	139950601
13637072	3538709510
13637072	182546504
12780759	2883927937
12780759	2878871743
12780759	2837599151
12780759	288956193
12780759	3986281588
12780759	3539964481
12780759	3656382866
6383299	537595500
6383299	1175329122
6383299	800390631
6383299	773828165
6383299	3110861541
6383299	3752333626
6383299	3389401868
6383299	575367301
6383299	602227618
17622305	3607674523
17622305	3367195876
17622305	2389488489
17622305	812997777
17622305	2479704741
17622305	2169998678
17622305	4045504085
17622305	3728922509
17622305	3200806237
17622305	4108881479
17622305	3523953083
15787911	2716785712
15787911	2039110174
15787911	1468075592
15787911	1997972455
15787911	1450898593
15787911	2025377682
15787911	3391583419
1092477	731485126
1092477	756210701
1092477	2538575877
1092477	166757740
1092477	259464987
1092477	43072360
1092477	84065432
1092477	1540646911
1092477	1770607544
1092477	3020135740
1092477	3570874101
1092477	1282800158
1092477	106733939
1092477	384176584
1092477	2315354594
1092477	103943372
1092477	2313368373
1092477	1812586595
1092477	3061649928
1092477	3442096772
1092477	2249519042
1092477	2457566347
1092477	2717387469
1092477	1527151305
1092477	3321979689
1092477	4154046603
1092477	970679398
1092477	1085072746
1092477	1739970605
1092477	1261845681
16154207	3889033484
731473	2432275983
731473	1923221497
731473	3616432269
731473	946317387
731473	3617700382
731473	1255193803
731473	232288604
731473	650581047
731473	239761519
731473	1883536153
731473	3977692386
731473	2926954442
731473	3974507412
731473	2084361686
731473	3711302677
731473	3370303294
731473	1653688615
731473	727612340
731473	53147083
731473	1525948128
731473	17188476
731473	498235937
731473	1317667447
731473	1502801680
731473	1777632425
731473	1828397210
731473	1936485342
731473	2217283116
10020744	33693518
10020744	300719749
10020744	34187046
10020744	181112123
10020744	81758506
10020744	2517589306
10020744	208344920
10020744	3854926637
10020744	1840871874
10020744	3575155956
10020744	2157915428
10020744	1779829627
10020744	607860247
10020744	2944223504
10020744	3533312376
10020744	2262953484
10020744	1455775738
10020744	180084025
10020744	2332893987
10020744	2169627835
10020744	2763814991
10020744	3674780055
10020744	2207303552
10020744	2937202133
10020744	1224426142
10020744	3008659368
10020744	906355794
10020744	2076937453
10020744	1510904535
50236097	3112815104
50236097	3484342500
24312260	2977732423
2019236	2242289446
2019236	2376306369
2019236	1750487978
2019236	3966934654
2019236	3957375448
2019236	2677751443
2019236	1163857141
2019236	2916226816
2019236	3901968085
2019236	4020419443
2019236	3679122812
2019236	2292802600
2019236	3709968319
2019236	2117247145
2019236	4132428929
2019236	3307505399
2019236	3574385670
2019236	4042278930
2019236	1377671827
2019236	78034912
2019236	290169970
2019236	1886544355
2019236	1848281540
2019236	20559277
2019236	1470610886
2019236	4034833983
2019236	3984847584
2019236	3163576365
2019236	2105897847
9664327	1301019475
9664327	987825592
9664327	2875355036
23955196	2284156164
23955196	2879894799
23955196	1559074945
23955196	3656517625
23955196	3024577683
23955196	2846935846
23955196	4053550771
23955196	3669501325
23955196	2980964367
23955196	2588331729
23955196	2842021258
23955196	2115325035
23955196	3049222586
23955196	4066992309
23955196	4003724488
23955196	4100820489
23955196	3570988459
23955196	4121038007
23955196	3618839959
23955196	4025948462
23955196	4070488088
23955196	3605238154
23955196	3412292059
1077813	2928107115
1077813	2277785215
1077813	1828875337
1077813	488600041
1077813	3159477299
1077813	3415750697
1077813	1791377615
1077813	2583286994
1077813	2085328212
1077813	851648811
1077813	1105990493
1077813	2179064393
1077813	2215816330
1077813	1233458963
1077813	2168366050
1077813	2167572664
1077813	2999953610
1077813	3533783559
1077813	3808479228
1077813	2220156394
1077813	2226891955
1077813	1698225536
1077813	3226835553
1077813	2250467060
1077813	226754771
1077813	790388986
1077813	3341309390
1077813	2166223183
1077813	2279147846
1077813	2214506223
18218896	3767297753
18218896	1758840896
18218896	896509977
18218896	673153833
2969783	2737859427
2969783	262874540
2969783	1821398675
3639113	2533311847
3639113	165034617
3639113	26666352
3639113	293359417
3639113	912079178
3639113	86045412
3639113	11132505
3639113	1067001146
3639113	591891361
3639113	214498199
3639113	1025493844
3639113	234074417
3639113	2328201503
3639113	3364732443
3639113	3291008004
3639113	848276582
3639113	2076024468
3639113	976562291
3639113	2800185016
3639113	2848320234
3639113	1721670760
3639113	1916077135
3639113	2975321800
3639113	23324159
3639113	2711467318
3639113	3240458132
3639113	2551668683
3639113	1128658
33098839	2796158141
33098839	2044450627
33098839	2854870663
11831670	2246660493
11831670	732885003
11831670	746563952
11831670	3866466938
29742557	1598434562
29742557	3668755152
29742557	1685822625
11081458	2791673372
11081458	2559261145
11081458	2240895406
11081458	235036168
11081458	115159753
11081458	2415135462
11081458	1820209871
11081458	3240040518
11081458	2155805307
11081458	1388636511
11081458	1548705020
11081458	2232576970
18720468	2570092349
18720468	1428186814
18720468	3827786643
18720468	1471878489
18720468	1857515687
18720468	838046765
18720468	1131858355
18720468	1936475377
18720468	3156667762
18720468	3880272333
18720468	3321947761
18720468	3430449755
18720468	3170145596
18720468	3365997228
25883442	2047552715
25883442	2041458953
19218696	3435142569
3191642	3699877392
3191642	3586507663
3191642	3752354509
3191642	3343425025
3191642	2749645127
3191642	413277846
3191642	740696338
3191642	752251105
57422657	3915478323
57422657	3891073247
57422657	3941736755
18679349	2978283932
18679349	362283550
18679349	2717085016
18679349	1793800768
18679349	1833353344
18679349	4093660357
18679349	3092528230
18679349	3839504773
18679349	865555703
18679349	1343631870
18679349	3421868301
18679349	2066528997
18679349	2300232872
18679349	3095822816
18679349	3448361058
18679349	360852761
18679349	2098614269
18679349	2433962073
18679349	3508386778
18679349	3270228375
18679349	2562638217
18679349	2932162273
18679349	2182896352
18679349	2728270735
18679349	2334406156
18679349	2111657265
24242988	3266088005
24242988	3330826396
24242988	2788115584
24242988	2576507943
24242988	3904725119
24242988	2903545023
24242988	2957012038
24242988	3606004247
24242988	3452418463
24242988	3535033503
24242988	3200591861
24242988	1529018828
24242988	865283253
24242988	3272265171
24242988	3871669894
24242988	2948757458
24242988	3137048183
24242988	3559573855
24242988	3027346927
24242988	3973748378
24242988	3444144318
24242988	4137986694
24242988	4044818411
24242988	2546946053
24242988	2984963336
24242988	3783996016
24242988	3324385833
24242988	3420356385
24242988	3264278711
24242988	3288409827
25259078	2984190233
25259078	2867710804
25259078	3475257787
25259078	3931969166
25259078	3062864650
25259078	1242316293
25259078	3536790192
3725331	551601357
3725331	3744377919
3725331	2867773170
3725331	3752254910
3725331	3482514530
28420084	3958723448
28420084	4038690527
2890756	3464636847
2890756	2994566030
2890756	2018388327
2890756	2159096699
2890756	563421368
2890756	3800069995
2890756	3676793433
2890756	606511711
2890756	3466525341
2890756	2059818260
2890756	16819630
2890756	1883322510
2890756	4012778597
2890756	2332437090
2890756	2244030227
2890756	1811375346
2890756	1224682447
2890756	3386021508
2890756	4127088947
2890756	2919939700
2890756	3369127485
2890756	3813655904
2890756	2515548468
2890756	2490082971
2890756	2229543714
5391590	2177452240
5391590	636088055
5391590	3879116049
5391590	123410144
5391590	2144436766
5391590	3057541571
5391590	381162523
5391590	1095749377
5391590	1357610094
22051009	2972112024
22051009	1520044745
22051009	489064302
22051009	1713209009
22051009	2776398299
22051009	1881386628
22051009	132504224
22051009	2511545739
22051009	26109573
22051009	939755180
22051009	3569513498
22051009	3804594447
22051009	1540149345
22051009	940942272
22051009	2716731947
22051009	940950596
22051009	655583139
22051009	165432908
22051009	564710326
22051009	1823793399
22051009	1349689618
22051009	48060490
22051009	2142013170
22051009	1515508229
22051009	511429293
22051009	2271162365
22051009	3249631673
22051009	2037903168
22051009	1211883593
22051009	2231184555
23362016	3534898239
34392025	4019031466
17847405	3298059937
17847405	1328984330
7577169	3845838737
7577169	3057156460
7577169	2574194573
7577169	636085060
7577169	650645203
36177445	2477264297
36177445	2714135906
15853215	716607775
15853215	2546851107
4992047	3582060510
4992047	1174934539
4992047	1601181971
4992047	2263093410
4992047	3005207642
4992047	3595571257
4992047	3100276954
4992047	570750867
4992047	156253511
4992047	1139469881
4992047	563511830
4992047	1087784221
4992047	174734732
4992047	1371789546
4992047	263280329
4992047	3022645820
4992047	1031104701
4992047	441567625
4992047	3237707105
4992047	187207627
4992047	3332721438
4992047	78506221
4992047	2475952028
4992047	3879964529
4992047	3453790702
4992047	2112913011
4992047	2964101683
4992047	2300015589
6966347	1707066899
6966347	315461946
6966347	1163223475
6966347	335614633
29615629	2625168850
25019516	3474751220
1536356	2822508388
1536356	192060557
1536356	2025617294
1536356	1392865824
1536356	179171736
1536356	1174908963
1536356	1862511336
1536356	934814398
1536356	171038696
1536356	2354964398
1536356	1665002418
1536356	830069890
1536356	1702307933
1536356	4001389102
1536356	4009050937
1536356	536125549
1536356	1042130350
1536356	827505539
1536356	3043676371
1536356	3477653300
1536356	3755202149
1536356	2489852332
1536356	3869762502
1536356	2886593302
1536356	2992233677
1536356	1263399080
1536356	1340616910
1536356	1636105766
23963840	1832882251
3250170	1683103450
3250170	2591703784
3250170	1781185453
6240419	1524100521
6240419	4007133932
6240419	4042859165
6240419	3879863081
6240419	3954475117
6240419	2353991760
6240419	587838598
6240419	1038199090
11329872	2983524422
11329872	1712461205
11329872	270270108
11329872	726152233
11329872	3617099157
11329872	3587358914
11329872	1107802613
11329872	1064624640
11329872	166785608
11329872	3610724144
11329872	3702031556
11329872	3465764774
11329872	3342089031
11329872	2553503186
11329872	3328625874
11329872	2536781802
11329872	3646137273
18990679	1064298708
23290704	3746632152
23290704	3964847626
2183628	3862956449
10345936	259540624
6321371	3216718217
6321371	744837201
6321371	307132437
6321371	3167871630
6321371	3082671658
6321371	516639625
6321371	259549156
6321371	1246738882
6321371	1736569752
6321371	2670076324
6321371	2627713051
6321371	1622527507
6592098	2818284811
6592098	2246658549
6592098	270347604
6592098	3610466660
6592098	1245630214
6592098	993523933
6592098	1660770221
6592098	2939479134
6592098	591234804
6592098	1771990642
6592098	3498270763
6592098	3035655222
6592098	3967200537
22567916	3328749691
22567916	3249119627
12621387	2156993093
12621387	3909428821
17788851	1170080593
17788851	2860638955
17788851	3899629167
17788851	3739359156
17788851	2252794763
17788851	4009238171
17788851	3095997985
17788851	2326036434
19106780	3922437299
19106780	2655565533
19106780	2304826856
19106780	2537900314
19106780	3156678017
19106780	2215201989
19106780	2441927340
19106780	3339731152
19106780	4026557995
19106780	3478066216
19106780	4054835409
8316575	3832055086
8316575	2830541660
8316575	3840643668
8316575	170828520
8316575	584213278
8316575	1630062360
8316575	2062016691
8316575	1720933597
8316575	2571471177
8316575	3191755151
8316575	3453462509
8316575	3267997607
8316575	3328624710
8316575	2658027971
8316575	3352488134
8316575	4047425471
8316575	4000833334
8316575	4067139026
8316575	2492244162
8316575	2974768405
8316575	3090003406
8316575	1629021727
8316575	1621135973
8316575	1776999878
8316575	1550435163
8316575	469664368
8316575	737597487
8316575	3422955976
6584084	4155559265
6584084	1301351670
6584084	2959089017
6584084	4042185131
6584084	1996869604
6584084	2925290763
6584084	3670149440
6584084	2241914671
6584084	2182878337
6584084	2836312671
6584084	3325275092
6584084	3950588549
6584084	3269553916
6584084	3845421060
6584084	3658322733
6584084	3695523649
6584084	3820785884
6584084	2955558401
6584084	3395949627
6584084	3796990864
6584084	3390541989
6584084	2919647068
6584084	2968325941
6584084	3035656708
6584084	3347117907
6584084	2942725359
6584084	3259756691
6584084	3589283077
12297011	3955190356
12297011	2894551103
2490597	235911289
2490597	1828875239
2490597	3410329471
2490597	143197387
2490597	404530937
2490597	139931213
2490597	42785298
2490597	306061734
2490597	43001993
2490597	288294965
2490597	1387319174
2490597	2432554503
2490597	479555414
2490597	598209298
2490597	362583317
2490597	689627153
2490597	1704122266
2490597	899048605
2490597	3545310752
2490597	2629798274
2490597	4142394722
2490597	2374853129
2490597	1994292740
2490597	3978141187
2490597	3263986075
2490597	2460807197
2490597	2679172415
2490597	3459368293
2490597	3884407988
2490597	2714172783
18246474	3250621658
11321589	1832843798
11321589	492575178
18487105	1066728747
34599150	3783418906
34599150	2242819811
34599150	1713105482
34599150	1544514283
34599150	2027328375
34599150	2871120567
34599150	3713717826
34599150	2334951815
34599150	1526533384
34599150	1311979934
34599150	1393381244
34599150	2164560447
34599150	3278542849
34599150	3649703272
34599150	2248981308
34599150	2938114575
34599150	2246160513
34599150	1758066063
34599150	1889889358
34599150	163246028
34599150	1622214020
34599150	1244713637
34599150	2624095822
6633511	169394558
6633511	1100741295
51066391	3738644439
29405058	2536328386
54665093	3460463663
11094308	3434106917
11094308	2232550752
11094308	1074210138
11094308	3053800044
11094308	3273558654
11094308	2515219709
11094308	1773080130
11094308	1500179570
11094308	2230758956
11094308	2423580224
11094308	2023729189
11094308	1938700047
11094308	3494528903
11094308	2075588219
7557043	2410544506
7557043	1391825325
7557043	2220136034
7557043	2079876012
7557043	3218938093
7557043	1275203047
7557043	3699720309
7557043	2700248816
7557043	3452107982
7557043	1352263069
7557043	1837112069
7557043	857783630
7557043	2637386639
7557043	2282964476
7557043	3288917665
7557043	2378855511
7557043	1920721090
15844202	98748022
15844202	51931271
15844202	2989482540
15844202	3801694582
15844202	2890686688
15844202	1501527746
15844202	280140405
15844202	709746744
15844202	698323232
15844202	23181166
15844202	2846125272
15844202	2304015657
15844202	1725126493
15844202	2054429336
15844202	1468934155
15844202	1794916957
15844202	2698403340
15844202	1741247882
15844202	1550440644
15844202	1470162320
15844202	3053639046
15844202	2077696491
15844202	3904940028
15844202	112452355
15844202	1795685661
15844202	1800321124
15844202	2001046321
15844202	59899913
15844202	2855603587
15844202	65602290
33655879	749777836
33655879	3801704682
33655879	709746982
33655879	234601984
33655879	3214317485
33655879	1936859890
33655879	2717604932
33655879	1826384360
33655879	720997710
33655879	1701161724
33655879	1369624889
33655879	2142889398
33655879	175336453
33655879	3364848810
33655879	1334627330
33655879	2378765442
33655879	2097981427
33655879	3256945582
33655879	4155226632
33655879	2264195764
33655879	3435680733
33655879	3559658128
33655879	4088484218
33655879	1863427963
33655879	2074308714
33655879	2271827858
33655879	2409992154
33655879	2021630789
33655879	2454937968
19158485	3158297853
19158485	2623273681
19158485	3561791929
27516593	1434794267
11170350	2086169732
11170350	3320924915
11170350	3340384590
11170350	4094857516
11170350	797884313
26210922	3584538540
6611849	2754690613
6611849	1826058023
6611849	3406850110
6611849	2732565584
6611849	2417925247
6611849	1852535694
6611849	940749458
6611849	2944431903
40614070	3343867147
40614070	2288393301
1901061	51682914
1901061	3410890598
1901061	1940882603
1901061	2629852460
1901061	3289175639
1901061	811327785
1901061	363310151
1901061	220236637
1901061	1494736987
1901061	2454998486
1901061	2556891388
1901061	2112896892
1901061	2689947560
1901061	489481651
1901061	3398160111
1901061	2768032451
1901061	3673964527
1901061	3791055687
1901061	2955424492
1901061	65302057
1901061	987887129
1901061	1055706118
1901061	840893875
1901061	2380647558
1901061	1707732373
1901061	829272970
1901061	1509123353
1901061	1100242525
1901061	1671198384
37678936	3332757031
37678936	1549089305
37678936	1812463030
37678936	3329558852
37678936	4044828023
37678936	2713158775
37678936	2153181704
37678936	723502204
37678936	1529085785
37678936	1887197240
37678936	1183353696
37678936	570750870
37678936	1055032888
37678936	164382170
37678936	1878076693
2026509	2066550196
2026509	2982402849
2026509	1292395210
2026509	3297970269
2026509	2844861212
2026509	2193265535
2026509	1146518822
2026509	3989375968
2026509	1929453851
2026509	3156461295
2026509	1497716487
2026509	3464758293
2026509	3386502791
2026509	2906816795
2026509	3017043805
2026509	3521256375
2026509	2825875286
2026509	1923667038
2026509	3302917573
2026509	2696224659
2026509	3745485888
2026509	3250197443
2026509	2200808648
2026509	4075605709
2026509	2796031683
2026509	3266272399
2026509	3036237823
2026509	3875861846
2026509	2863608524
19448027	1138447073
19051183	1182968941
19051183	1726196777
19051183	811845621
19051183	3979045945
19051183	1563288541
8882181	2059721401
8882181	1763196163
8882181	3268351049
8882181	785959592
8882181	1657397042
8882181	828245181
8882181	1100252430
8882181	2875537692
8882181	4007987671
8882181	1751391110
8882181	2207339460
8882181	2867377683
8882181	1126164756
8882181	730149534
8882181	919908351
8882181	129942693
8882181	2155980810
8882181	1000236248
24645231	3915258658
24645231	3624038497
24988480	3965532089
24988480	3588470285
17697058	572223834
26858960	1407413568
19250174	2626148401
19250174	3087088171
19250174	3783802349
19250174	2460354057
19250174	3293639221
19250174	1845912482
19250174	1729627549
19250174	1834106696
19250174	3947035807
19250174	3100671401
19250174	3864044172
19250174	3969270221
19250174	2982518342
23812103	3470386696
6714690	2615512952
6714690	1618752809
6714690	2452851334
6714690	585738046
19453283	4046563515
20829721	3243994554
20829721	1449489239
20829721	309769799
20829721	1967386355
20829721	1818574987
20829721	2552944076
20829721	183286259
20829721	193342883
20829721	3795642624
20829721	178312789
20829721	1297682330
20829721	1663868829
20829721	522898024
20829721	1129019914
20829721	1797221676
20829721	2023347811
20829721	180452738
20829721	223863265
20829721	3007934495
20829721	2188759084
20829721	1139483971
20829721	2326239655
20829721	1094656566
20829721	1024512618
20829721	99131565
20829721	375001649
20829721	11627531
1093672	2826060163
1093672	86900191
1093672	284099284
1093672	1780099619
1093672	25281372
1093672	227069560
1093672	1533480926
1093672	3392144637
1093672	374491127
1093672	538347810
1093672	2138511033
1093672	2423427690
1093672	47620848
1093672	325709579
1093672	1999715587
1093672	2253497114
1093672	3933710743
1093672	3418790644
1093672	2595565105
1093672	3785864119
1093672	3794345685
1093672	1921935240
1093672	2934942867
1093672	18726388
1093672	105703613
1093672	26303004
1093672	178490785
1093672	3552426684
20878599	2035756258
8443143	205607426
8443143	1204380422
8443143	2574167277
8443143	2495028570
8443143	196292515
6656318	784840299
6656318	2129421769
6656318	221542271
10436663	3160097763
10436663	1495774026
10436663	2178031386
10436663	805134486
10436663	2677703420
10436663	3348560220
10436663	3252397911
10436663	1037233183
10436663	2081359532
10436663	2190122828
10436663	1648972533
10436663	865533504
10436663	9783774
10436663	291955
10436663	398352614
10436663	231470735
10436663	458697390
10436663	1787578127
10436663	21044802
10436663	1200160
10436663	28644658
10436663	107129622
10436663	39073805
10436663	1513753890
10436663	242666588
10436663	37395450
40672417	2732233234
2529168	3489523514
2529168	587113640
2529168	4079886166
2529168	2054882995
2529168	3705914763
2529168	3896411630
2529168	4018525095
2529168	587837478
2529168	4073574410
2529168	3755190476
2529168	2871748901
2529168	543377346
2529168	1687792133
9298001	2302785656
9298001	895126044
9298001	3427217181
9298001	1648321295
9298001	480826329
9298001	3339081641
9298001	3340880687
9298001	4096488368
9298001	2311924106
9298001	3417521693
9298001	2118799906
9298001	262874655
9298001	697041269
9298001	3294893159
9298001	3155409806
9298001	4009237668
9298001	3211619995
9298001	2280730842
9298001	2309533265
9298001	2416555043
9298001	3095998467
9298001	3121585682
9298001	3302353185
9298001	3397002700
9298001	3299161367
9298001	2790825582
9298001	3832052401
9298001	2385115524
1115897	643984170
1115897	79301532
1115897	2793147735
1115897	565234114
1115897	392888520
1115897	1695895479
1115897	1902918204
1115897	2474485408
1115897	428517802
1115897	353894027
1115897	665434085
1115897	2314977821
1115897	1111182168
1115897	1239175209
1115897	973474254
1115897	530899080
1115897	161517390
1115897	3763632386
1115897	294128861
1115897	1797235406
1115897	236277231
1115897	462244891
1115897	1296410248
1115897	128678637
1115897	1578759380
1115897	1384719
1115897	1711444999
1115897	640268072
1115897	533129969
1115897	288994325
2890732	2227345328
2890732	643173273
2890732	535937523
2890732	1859979998
2890732	1838383480
2890732	4000716564
2890732	4025377629
2890732	2407578031
2890732	2915478854
2890732	3468856988
2890732	4103313107
2890732	4094734995
2890732	3310661425
2890732	3515340000
2890732	1844644136
2890732	4068115963
2890732	3783266723
2890732	3299821865
2890732	1803551055
2890732	3281852612
2890732	2504810303
2890732	3044124061
2890732	2937496073
2890732	3008546967
2890732	3297661599
2890732	4016348409
2890732	3739486976
2890732	2297343353
2890732	3380903724
6049440	2830089139
6049440	2246659293
6049440	1307781409
6049440	1319769227
6049440	3444581571
6049440	3641245576
6049440	3626535237
6049440	1436719441
6049440	324656948
6049440	574239732
44660324	3779976897
19058718	3539000413
19058718	3928617445
8852	746241366
8852	83571351
8852	22497243
8852	34492424
8852	1182580
8852	3660082678
8852	347067144
8852	1716151352
8852	142781969
8852	1668230865
8852	1936587098
8852	186234747
8852	2306614944
8852	1322977959
8852	1742119417
8852	4022650095
8852	222629537
8852	2734384722
8852	134285209
8852	865164339
8852	1428305395
8852	977348662
8852	1773678989
8852	1204491395
8852	258122067
8852	2307023611
8852	2330346575
8852	216939225
8852	3235962444
8852	1391471259
788134	2095060924
788134	2140392813
788134	3905108935
788134	3980880256
788134	3787394517
788134	4114453089
788134	2128838519
788134	3431988538
788134	3471506617
788134	1621139553
788134	585748047
5852938	1544460439
5852938	2639375785
5852938	2763214181
5852938	2034193960
5852938	2046206387
5852938	2283550509
5852938	3988086769
5852938	3494328305
5852938	3379606127
5852938	3862913823
5852938	1852534132
5852938	587830885
5852938	1606843035
5852938	1783815178
5852938	1031884595
5852938	3416987542
18922511	997278006
18922511	1708029784
6394629	3407580442
6394629	3928288494
6394629	2446401883
6394629	3934036207
6394629	2770848044
6394629	2134413867
6394629	1536914822
6394629	1269928562
6394629	2612819254
6394629	2537398718
6394629	792027381
6394629	530246204
6394629	142748425
6394629	218494007
6394629	52397494
6394629	3850016911
592221	3409193439
592221	1562461669
592221	1811340361
592221	562488500
592221	761465408
592221	3168031479
592221	3010220204
592221	1497771358
592221	2385182163
592221	2683855132
592221	3901904168
592221	629623658
592221	361165489
592221	1882933724
592221	93078925
592221	721440085
592221	1237681294
592221	3536061903
592221	2622559077
592221	4129244399
592221	3446447773
592221	2199089666
592221	2247988297
592221	2998745333
592221	3171284572
592221	3833366079
592221	3861100093
592221	3886886478
592221	3818356817
592221	3944987261
22078110	1631981826
22078110	2007501335
7224101	265393024
7224101	3023825888
7224101	1400366505
7224101	1358576244
7224101	163654696
20869936	2980539612
20869936	3722173770
11476266	3407297215
11476266	2542479141
11476266	2957954965
11476266	2796066367
11476266	2838317533
11476266	1465450114
11476266	1771081960
11476266	4017869972
11476266	2595464283
11476266	4020913596
11476266	2036918239
11476266	3654437014
11476266	3829731174
11476266	1467870304
41047152	3839930664
18709765	3981518442
18709765	3522231601
18709765	3705846329
18709765	1064371434
21563119	1310246525
24645214	3551324098
25519418	2813237140
25519418	1383731217
2547421	2390152141
2547421	2256356242
2547421	1700529678
2547421	2892269038
2547421	585299364
2547421	161015790
2547421	182525675
2547421	3967470846
2547421	1570471027
2547421	978324261
2547421	3292611574
2547421	640671207
2547421	2140393056
2547421	34833327
2547421	2369642820
2547421	3930639789
2547421	4023455381
2547421	3103574365
2547421	3949254102
2547421	849620570
2547421	2916247728
2547421	2128837599
2547421	1614509440
2547421	2964111123
2547421	2016710496
2547421	2146462864
2547421	1170156592
2547421	570750824
2547421	2324016966
2547421	833211183
16095575	1053417515
21458200	2422286903
21458200	2819442604
21458200	2727826641
21458200	3494652235
21458200	3153319764
21458200	448017044
13605001	313627675
2605078	3780266399
2605078	2190751135
2605078	3787641315
2605078	2057527194
2605078	4137588691
2605078	3091804109
2605078	114414292
2605078	219431926
2605078	231522863
2605078	1011005764
2605078	142746273
2605078	52415667
2525729	1251252991
2525729	2775657520
2525729	2246660973
2525729	2459319252
2525729	1574921750
2525729	3576882273
2525729	3471440942
2525729	2820780225
2525729	3583808909
2525729	1632573529
2525729	2101008285
2525729	1094086582
2525729	893885176
2525729	3485537100
2525729	2066764462
2525729	741391701
2525729	3404095919
2525729	2843455465
2525729	2198676879
2525729	2713930645
2525729	3090401249
2525729	3701924028
2525729	3585261846
2525729	2298857693
2525729	3335178559
2525729	3630185580
2525729	3810568259
2525729	2832412057
2525729	3943985541
2525729	3129498897
2637271	506934134
2637271	1609318113
2637271	1602809468
2637271	2006239652
2637271	2754770183
2637271	739312563
2637271	2802946868
2637271	1382656704
2637271	1350627752
2637271	345799639
2637271	2745104138
2637271	2227420854
2637271	894516899
2637271	2985109933
2637271	4063904110
2637271	2993712838
2637271	3375927943
2637271	2679261493
2637271	2246101718
2637271	2768974488
2637271	3974660253
2637271	3021343582
2637271	1292140410
2637271	2363413964
2637271	2371294757
2637271	2398619071
2637271	2537672429
2637271	2780252975
2637271	2909319979
2637271	2945210113
11204836	3972651091
11204836	3975120240
6386868	3724872305
6386868	3730468513
6386868	1550875381
6386868	1552527403
6386868	411580439
6386868	3730539873
6386868	220708361
6386868	1566128324
6386868	3057358120
6386868	3421434532
6386868	3157979298
6386868	4061176365
6386868	1531042426
6386868	1051817221
6386868	835046707
6386868	1737052644
6386868	1341080853
6386868	1634318310
3564621	2105900275
3564621	271143287
3564621	1627447493
13511029	1702252750
13511029	3798971536
13511029	996506792
13511029	3412524559
13511029	2633803146
13511029	3436323647
2767419	2574935743
2767419	2296869980
2767419	2464899716
2767419	2702115401
2767419	2644992779
2767419	364064510
2767419	453673286
2767419	2524791787
2767419	3811462979
2767419	2514304666
2767419	3511176913
2767419	3018730154
2767419	2271524380
2767419	2853000572
2767419	236988149
2767419	1413397098
2767419	929498198
2767419	875513168
2767419	1131136043
3493168	821944516
3493168	206217145
3493168	1586535714
3493168	185874123
3493168	90246498
3493168	2163258458
3493168	881802859
3493168	598906590
3493168	1660769935
3493168	1577381476
3493168	579420882
3493168	8269521
3493168	356596533
3493168	594130057
3493168	2066896442
3493168	2953005890
3493168	4143908266
3493168	1620490250
3493168	2158621475
3493168	11222681
3493168	1632410607
3493168	2187050335
3493168	2377237703
3493168	4413766
3493168	1420584965
3493168	2664778075
3493168	2944206125
3493168	44331065
3493168	167754623
6788376	782217081
6788376	1727147681
6788376	2407238946
6788376	3404008546
6788376	3310573097
2872246	1342674091
2872246	1939492055
2872246	3410209950
2872246	379308037
2872246	1412675001
2872246	68559679
2872246	2421699437
2872246	789243694
2872246	2357934274
2872246	1776261810
2872246	2861984754
2872246	2911594912
2872246	184782254
2872246	55494133
2872246	3419360049
2872246	1543951599
2872246	332945783
2872246	926788278
2872246	2411370336
2872246	2532858408
2872246	1527325699
2872246	115237007
2872246	324867540
2872246	298010456
2872246	2642429896
2872246	49649987
2872246	250574026
2872246	4003254
2872246	71010810
2872246	2860025284
24278842	3600849691
6240341	109465359
6240341	3449682804
6240341	3458750038
6240341	2748124033
6435450	3992065078
6435450	2334208368
6435450	2195975976
6435450	1050084619
6435450	3686393409
6435450	128619850
6435450	3321552222
6435450	371441223
6435450	2456528247
6435450	3782246339
6435450	1053657692
6435450	2779687850
6435450	3052077053
6435450	270375355
6435450	2808465898
6435450	1029248789
6435450	2392953308
6435450	2275174832
6435450	3345177034
6435450	2105604110
6435450	3996849661
6435450	2267122075
6435450	3260920318
6435450	3881597880
6435450	3374123994
6435450	2765180427
10721084	3137539680
10721084	1946890040
10721084	3974530398
10721084	4055379546
10721084	3782659858
11538836	1394480704
11538836	2911598640
11538836	1441503293
11538836	3538937499
11538836	3173421959
11538836	1344302414
11538836	2177025920
11538836	3739461018
11538836	3687622424
11538836	1788547991
11538836	2110562269
11538836	2103676796
11538836	2382966975
11538836	2143876783
11538836	3971826132
11538836	4034163292
11538836	3386141407
11538836	3557593143
11538836	3386738894
11538836	3553244414
11538836	3654530439
11538836	4017790500
11538836	4097073241
11538836	3086412607
2404865	4029770550
2404865	906907210
2404865	106260231
2404865	3269161538
2404865	269843621
2404865	11106472
2404865	1313337490
2404865	2792754527
29546288	1826878895
7421140	2832990243
7421140	2105895685
7421140	3110192792
1093699	1201647953
1093699	2039766403
1093699	1927284989
1093699	2700747620
1093699	2682424277
1093699	3201103350
1093699	1548703619
1093699	196845222
1093699	3888409141
1093699	3979081669
1093699	3896402281
1093699	1875459087
1093699	2456094442
1093699	3264608393
1093699	1938341863
1093699	2684462095
1093699	3752360420
1093699	659294384
1093699	2702283194
1093699	3885073803
1093699	3022820715
1093699	2800815042
1093699	3840246855
1093699	2216232344
1093699	2682680454
1093699	2529187729
1093699	3981807554
1093699	3128064863
1093699	4034822603
1093699	2484195942
7139407	2780858449
7139407	1212022945
7139407	281923309
7139407	94202918
7139407	2194789599
7139407	1673560894
7139407	1761825513
7139407	1350513238
7139407	975227901
7139407	2365565860
7139407	1427812887
7139407	837073463
7139407	1119241077
7139407	2333782129
7139407	852683563
7139407	1713583862
7139407	1676109575
7139407	3184721454
7139407	1989982240
7139407	3737137566
7139407	3280449063
7139407	3493040493
7139407	2420181762
7139407	2112591686
7139407	790061990
7139407	491924684
7139407	967845251
7139407	1325259168
7139407	1584698599
7139407	2234130664
23579383	2633660061
23579383	2921198575
23579383	3601606074
23579383	3103280868
23579383	4090434580
23579383	2719566636
23579383	3502311596
23579383	4025177573
23579383	3927942376
23579383	4088261489
23579383	2185544793
23579383	3960711800
23579383	3173006483
23579383	4081611799
23579383	3921715559
23579383	4110816755
23579383	3127855736
23579383	4081484721
23579383	3750015833
23579383	4056795323
23579383	2626164404
23579383	4074824010
23579383	3946551922
23579383	1509404322
23579383	3788423833
23579383	3807146734
5774488	651532519
5774488	1117292037
5774488	3797730184
5774488	3461299340
5774488	3732296068
5774488	3568803560
5774488	3511071249
5774488	3994737892
5774488	1099387689
5774488	343543579
5774488	1602689582
8337123	1127638335
8337123	2618600044
8337123	3282361334
8337123	1539744515
8337123	1711529604
13487996	9088548
13487996	2819496135
13487996	1085484314
13487996	230989558
13487996	874515924
13487996	9409359
13487996	37248913
13487996	12060331
13487996	2337395550
13487996	1163295448
13487996	4167423667
13487996	626889077
13487996	1954569621
13487996	11351590
13487996	92355766
13487996	620791321
13487996	378563838
13487996	841875924
13487996	27193681
13487996	190048753
13487996	412302191
13487996	4068986156
13487996	2955573095
13487996	641106957
13487996	23466255
13487996	198074081
13487996	1148812176
13487996	132116907
13487996	340577032
13487996	459356594
1720447	3797694498
1720447	723513726
1720447	2273326130
1720447	3707315111
1720447	786019431
1720447	956310261
1720447	3426599807
1720447	1064132982
1720447	4037523483
1720447	2774923734
1720447	1142347790
1720447	3658436247
1720447	2559261170
1720447	2458785490
1720447	1030553585
1720447	2765927340
1720447	4093959636
1720447	2405786910
1720447	3882518396
1720447	2098244669
1720447	1919193529
1720447	2477426008
1720447	1544119438
1720447	1189519534
1720447	1009966045
1720447	576421544
1720447	684210964
1720447	1084863205
10830682	1465553882
10830682	1257015642
10830682	998397566
10830682	3188146324
8691741	2034102765
8691741	1671262023
8691741	2850619486
8691741	2566163605
8691741	2722056414
8691741	892331949
8691741	1452689630
8691741	1828875262
8691741	3167536709
8691741	1640910380
8691741	2059719086
8691741	3788907889
8691741	1270383310
8691741	2028647814
8691741	898850026
8691741	652578037
8691741	2198897138
8691741	1259864196
8691741	2845641982
8691741	3752370233
8691741	2212217621
8691741	308176705
8691741	2266396750
8691741	211636336
8691741	960254503
8691741	225394992
8691741	3385901487
8691741	2725935917
8691741	3996964245
8691741	1585114032
18243124	1182597
18243124	437219022
18243124	2555935200
18243124	2182154258
18243124	59869576
18243124	1715407543
18243124	3432998140
18243124	265163709
18243124	823093647
18243124	1749149544
18243124	1773679333
18243124	2235731077
18243124	152931311
18243124	1302811760
18243124	1758419219
18243124	230072873
18243124	6427505
18243124	3473069473
18243124	1934631534
18243124	134285329
18243124	2394603098
18243124	2318922865
18243124	515872780
18243124	1751393664
18243124	3880404800
18243124	1193318075
18243124	2648138309
18243124	46908974
18243124	597255739
18243124	227285521
22694775	2267854534
9506010	1843716683
9506010	1871293742
9506010	986392649
3035836	1017463688
3035836	3173950076
3035836	1821985841
3035836	2930089877
3035836	1540238912
3035836	3187354778
3035836	1722635105
3035836	732679520
3035836	4112871234
3035836	3869661857
3035836	3715698007
3035836	3618815394
3035836	1037371868
3035836	586250846
3035836	2495243054
3035836	2252559829
3035836	2866062429
3035836	3369246880
3035836	3370699785
3035836	3613768744
3035836	3588154756
3035836	4139141136
3035836	3447684276
3035836	3267695087
13502755	3819560966
13502755	1220138488
13502755	2371276704
13502755	3421235839
13502755	3306878136
13502755	2699904516
13502755	2680802127
13502755	819826611
13502755	3273788153
6712112	3315105498
6712112	3458748264
6712112	2751255238
6712112	2394936748
6712112	796278935
19278220	3370359194
19278220	1184928457
19309984	1243636642
716132	3449811002
716132	3410215509
716132	3562896626
716132	117027217
716132	3560468256
716132	37771546
716132	1701094709
716132	1843963857
716132	3111477595
716132	2399772700
716132	2866330521
716132	1863654163
716132	1367133253
716132	1009975855
716132	2092723002
716132	147050557
716132	259467565
716132	9546072
716132	131588120
716132	146851145
716132	314160530
716132	557656883
716132	1719476841
716132	2683141337
716132	2683025705
716132	2201701318
716132	3456117629
716132	2250742025
716132	1223710650
716132	3378793172
36408551	3284450387
35683587	3975540117
8037342	2549174236
8037342	3359676414
8037342	2200973363
2733714	1148598623
36552301	2176858433
32956091	3274687347
12316421	2793970313
22569201	3455248472
19218718	3877181527
19218718	3372032236
19218718	1432266632
19218718	4025999439
19218718	3404018866
19218718	3925634774
19218718	3720060412
19218718	3867529758
19218718	4054782997
19218682	4052272213
19218682	4165449023
7543172	1649675820
7543172	262874780
7543172	4009237387
7543172	2280731102
7543172	205394991
22371252	3905424651
22371252	1254535753
18919401	3404025291
18919401	4033284591
6162540	1201652412
6162540	2142247452
6162540	3343462845
6162540	3374147388
6162540	11054021
830875	3900178400
830875	2054398807
830875	35259925
830875	1128741553
830875	2292759371
830875	3155281925
830875	3964707201
830875	1783785304
830875	364929284
830875	2092580038
830875	3469773062
830875	3926808359
830875	3500801882
830875	1809466579
830875	2374498286
830875	3903818278
830875	3315854727
830875	2475864108
830875	2657625647
830875	2126122791
830875	3008941210
830875	4114257750
830875	3417416344
830875	2615189877
830875	3200223126
830875	4111236925
830875	2134943690
830875	2480971838
830875	3936261094
830875	4007233312
26137999	2509698098
17236158	1382033957
17236158	2776566030
17236158	2126109593
17236158	341821021
17236158	3331726730
17236158	1694666170
17236158	933546618
17236158	3911402542
17236158	3301000069
17236158	1515735919
1811422	3342973806
1811422	2380916854
1811422	2830692928
1811422	3208289006
8300910	1755061097
1249630	2948228219
1249630	848547354
1249630	861746480
1249630	3068277065
1249630	2520642232
1249630	3409182366
1249630	3555457731
1249630	477496646
1249630	377040191
1249630	3600343108
1249630	1244603006
1249630	56608960
1249630	2015729130
1249630	3428596326
1249630	3705337214
1249630	1816792571
1249630	119427644
1249630	1865275095
1249630	336548998
1249630	3389751726
1249630	2914382069
1249630	2435729148
1249630	14813635
1249630	1262548688
1249630	1172379580
1249630	5545196
1249630	4564130
1249630	623924881
1249630	2735356677
1249630	38978194
8853156	3340154932
8853156	1591257385
8853156	1919691670
8853156	1151206349
8853156	1767270638
8853156	3407579030
8853156	2620001031
15841688	1878103163
15841688	3999946786
15841688	3350589879
15841688	630993371
1802104	3920517429
1802104	1827835488
1802104	3490901730
1802104	2498388493
1802104	92526723
1802104	3369953169
1802104	1268786383
1802104	1734967599
1802104	1371845692
1802104	240119129
1802104	475353516
1802104	3262226824
1802104	2707831099
1802104	1249654809
1802104	421667160
1802104	1600221154
1802104	216024643
1802104	1472407949
1802104	1766947614
1802104	1517019454
24882573	1833641693
20413864	2973917496
20413864	3692839003
20413864	1273139299
20413864	1982756494
20413864	2971689084
20413864	3469830126
20413864	2479399050
20413864	3012591358
20413864	1971596322
20413864	3154475638
20413864	3739208514
20413864	3605252307
20413864	4122922201
20413864	4126885716
20413864	4055378764
20957038	3943127752
19248308	3595000982
21463560	1064320566
22837096	3894965799
22837096	1094189576
44147033	2730843014
11742922	262874986
11742922	835201926
29869137	2439911464
29869137	2002617244
29869137	2535443453
29869137	1871112422
8070004	3682548679
8070004	244248717
8070004	2960766847
8070004	1458072949
8070004	3043862097
8070004	1299748042
8070004	1857582797
8070004	3482386296
8070004	1145613017
8070004	3491515163
8070004	279663579
8070004	269844547
8070004	355980600
8070004	1191378435
8070004	665848616
8070004	618519169
8070004	1656291699
8070004	3458730376
8070004	1402723953
8070004	3050807899
8070004	131005725
8070004	3447153492
8070004	1432662407
8070004	1662562168
8070004	1605591224
8070004	1116732040
8070004	1661800638
8070004	1484692162
8070004	3002153491
20525113	1992237558
20525113	1064285982
16077402	462391791
22007423	1064334815
21394161	3144860369
21394161	3573524770
18868098	2098773080
18868098	1554231443
18868098	1186005844
26244268	3612911415
22450701	392926683
22450701	3469077003
22450701	2196799398
22450701	958379712
22450701	3964897579
22450701	3466538808
22450701	3941620791
22450701	3403921075
25884315	4116131463
25884315	1981866024
21012724	2464415815
18751859	3606863412
18243366	2111341652
18243366	1769084610
27386340	1800925761
23926114	1447868228
19218643	3971606672
11535868	2859502233
11535868	1834377489
11535868	57757449
11535868	3158582074
11535868	330449768
11535868	1123051012
11535868	2741525117
11535868	3734648549
11535868	3264070266
11535868	2071779655
11535868	3448806105
11535868	2764747342
11535868	2389268567
11535868	3025178325
11535868	3200415661
11535868	4007164104
11535868	2588800994
11535868	2126126896
11535868	1852542722
11535868	3770375074
11535868	3721476799
11535868	1797811092
11535868	998386794
11535868	2863242527
11535868	1685693856
11535868	1648706440
13418993	4002429621
13418993	4009239009
13418993	264956250
20708139	3433146806
1093674	3422502485
1093674	2632693617
1093674	1800475199
1093674	287948601
1093674	1768201191
1093674	3773195874
1093674	1635386578
1093674	420105946
1093674	1906858093
1093674	1225466703
1093674	4090988857
1093674	3476896800
1093674	1418159629
1093674	2196278072
1093674	3492215353
1093674	1460019387
1093674	1241900694
1093674	2837456146
1093674	3750333696
1093674	1815395045
1093674	1059374447
1093674	2301224591
1093674	17654440
1093674	2339221643
1093674	198843677
1093674	3502926073
1093674	1759816285
7796977	1518485615
7796977	1543285355
7796977	448211839
7796977	1114540519
7796977	165213141
7796977	398393577
7796977	2611974056
7796977	1548150602
7796977	696699243
7796977	1130785831
7796977	532879538
7796977	201537043
7796977	1362717553
7796977	2187522595
7796977	3453272903
7796977	3680205075
7796977	4085254873
7796977	3950964141
7796977	3040598056
7796977	3641756856
7796977	3269283445
7796977	3027145766
7796977	2555993877
7796977	3989714668
7796977	1484760796
7796977	2098236213
7796977	1540797658
7796977	1112953854
19495787	1230057810
7533461	1828878069
7533461	3650922096
7533461	2673376833
7533461	1463661153
7533461	3920955520
7533461	822622565
7533461	1411931662
7533461	159153762
7506609	3167667309
7506609	1939212006
7506609	568822385
7506609	2103847400
7506609	526207838
7506609	3957732241
7506609	3612581809
7506609	1261366365
7506609	8951172
7506609	3389255246
7506609	1130126855
7506609	3923627686
7506609	3780119803
7506609	1983671880
7506609	1991179746
7506609	1911481299
7506609	135976830
7506609	1573475708
7506609	782109907
7506609	566987792
20528000	899818352
19376470	2462676084
13319765	3138173442
13319765	3169812507
13319765	3039155775
13319765	4088735446
27387299	2115284510
3195575	2459216276
3195575	3963448780
3195575	2011007059
3195575	1939010232
3195575	1388634492
12418094	3850043866
12418094	1612886750
22569190	3249114382
22569190	3620384270
20496679	3992530039
20496679	3852091865
20496679	1111587499
19219220	1920950114
25357921	750196416
25357921	136167088
25357921	1919199552
25357921	734778833
25357921	2293443473
25357921	2206598359
25357921	9572087
25357921	2283350868
25357921	1295934394
25357921	68732000
25357921	3181460164
25357921	480505165
25357921	2944572050
25357921	1381303948
25357921	3725288814
25357921	4038774938
25357921	3286180026
25357921	2954860514
25357921	3644383841
25357921	4010998779
25357921	3800012099
25357921	760952253
25357921	1234781770
25357921	1873765123
25357921	1647144671
25357921	316748825
25357921	964554122
25357921	935594
6788442	1852540365
6788442	2717979956
6788442	3338100004
19539001	3459106167
54740782	3467470224
18414	2418850325
18414	1042031250
18414	2195609402
18414	8686266
18414	1749298332
18414	11803849
18414	3802439987
18414	69458074
18414	707004802
18414	3596816834
18414	3174542640
18414	639430188
18414	2364231861
18414	2525868757
18414	1763587525
18414	1263863530
18414	3066818056
18414	6425202
18414	64655816
18414	3126809438
18414	2458022440
18414	2050428328
18414	961184124
18414	775419483
18414	3814315256
18414	2542239254
18414	3598154008
18414	1815948575
18414	56798381
19028099	3446356685
10830392	3983321981
10830392	2220182540
24528161	3240539647
24528161	3779985923
6294139	31173871
6294139	277315552
6294139	500798903
6294139	882302630
6294139	2997002073
6294139	2129896173
6294139	1127699741
6294139	1111087138
6294139	202651018
6294139	2038911573
6294139	12848011
6294139	1337752264
6294139	967481644
6294139	3154263704
6294139	3372179095
6294139	1749577344
6294139	3805651384
6294139	3263555897
6294139	1936586092
6294139	2709428667
6294139	9991778
6294139	98359829
6294139	136084156
6294139	1239138895
6294139	1378353564
6294139	159328542
697341	518486763
697341	1334828342
697341	1591271044
697341	1477023278
697341	2078771376
697341	868003304
697341	2419902959
697341	1442856592
697341	1365344564
697341	3272558814
697341	3741399564
697341	3084882718
697341	1496732294
697341	1160075180
697341	1231835422
697341	1440979680
697341	3533784314
697341	3695904266
697341	4114535550
697341	3074936742
697341	3275183659
697341	218157441
697341	2553702623
697341	1203193984
697341	79279106
697341	1547229799
697341	2506812416
697341	2500401444
697341	2990749803
697341	974599591
24267057	4054867181
571938	526021609
571938	977177226
571938	282890388
571938	3326791412
571938	1896859427
571938	1176392631
571938	4032788443
571938	743530203
571938	946874985
571938	65850277
571938	30211746
571938	2368367932
571938	2343063720
571938	148188358
571938	1527401348
571938	153454129
571938	2467433078
571938	3238336708
571938	381787273
571938	739448535
571938	2120032926
571938	1797301637
571938	294055632
571938	70570567
571938	2159911189
571938	3042712718
571938	2279840446
571938	269795030
15760346	3472725296
5453576	2283069602
5453576	2373446553
5453576	3469509393
5453576	2784294017
1026496	2171707589
1026496	2304447820
1026496	2162527400
1026496	2654889586
1026496	553547076
1026496	1825991844
1026496	2368507364
1026496	4139471628
1026496	2918944406
1026496	2062514040
1026496	1139663229
1026496	3553685369
1026496	3763150716
1026496	3838089351
1026496	3668854917
1026496	3377529447
1026496	651273022
1026496	1089728792
1026496	217189297
1026496	3329941061
1026496	42463805
1026496	2410011886
1026496	3785877433
1026496	1905648197
1026496	3957056775
1026496	3505186023
1026496	3417720364
1026496	2155790121
2755882	1095164819
2755882	2297840149
2755882	100713127
2755882	3780354915
2755882	3373282402
2755882	2523777283
2755882	3300871750
2755882	3635505574
2755882	4056173014
2755882	3879346240
2755882	2811159315
2755882	1852541707
2755882	392734664
19028065	1117700793
19028065	2867542730
19028065	1325071270
19028065	3766434
19028065	1091453751
19028065	50368418
19028065	79729371
19028065	1171201213
19028065	499199211
19028065	3792002560
19028065	2074575650
19028065	1439184760
19028065	118253935
19028065	2623918828
19028065	3638096042
19028065	782865253
19028065	15524087
19028065	1408193639
19028065	2950670663
19028065	615107122
19028065	2973774032
19028065	3600873215
19028065	1502481560
19028065	1256133368
19028065	2432086658
19028065	2131889377
19028065	2454739334
19028065	2027095162
19028065	1830107891
19028065	3530081312
82888	3007191376
82888	444588656
82888	2855759590
82888	1763845561
82888	102846497
82888	729166339
82888	103797110
82888	2367492945
82888	134447791
82888	496083414
82888	2466784283
82888	636839203
82888	82702666
82888	912285015
82888	84670720
82888	2295957466
82888	1482803554
82888	4025668380
82888	189935969
82888	2841766434
82888	77538240
82888	57772134
82888	1761399724
82888	153960643
82888	1903844361
82888	376954164
82888	1467299558
82888	3186065450
82888	3608095385
82888	349809281
9524557	882571028
9524557	1411990060
9524557	3801043205
9524557	3521359683
9524557	3257437716
9524557	2250632684
9524557	1669462011
87263	653041473
87263	3963815770
87263	1763856796
87263	700389655
87263	3485641581
87263	2714113427
87263	2832338703
87263	2185239857
87263	437912683
87263	3427033053
87263	1397678649
87263	1128843069
87263	423505649
87263	2022446730
87263	2147895260
87263	1362508546
87263	1911391895
87263	2189996709
87263	1235821414
87263	2157767421
87263	1862853131
87263	2017686326
87263	2438577133
87263	2755144182
87263	3792800580
87263	3832968040
87263	1028483459
87263	2033214953
5852843	3716525545
5852843	2030234493
5852843	2890645366
5852843	2893393148
5852843	1709457015
5852843	3917487793
5852843	1036566549
5852843	1472836266
5852843	1435510508
5852843	2934481697
5852843	2785792712
5852843	2307527439
5852843	2771380995
5852843	3537778354
5852843	3436528378
5852843	718370791
5852843	1503921093
5852843	1233136949
5852843	3108579065
5852843	2344988718
5852843	3021414177
5852843	3385472413
5852843	3450781323
5852843	3980439106
5852843	2999073350
5852843	3136010971
5852843	1814786035
5852843	2755938855
5852843	3919790668
5852843	2781727000
12402229	3052528854
19312352	982990903
19312352	2888207298
19312352	1130235415
6714503	4069872196
6714503	2740619964
6714503	2039966876
6714503	998193484
6714503	3187584740
6714503	2985546438
6714503	2871183806
6714503	1557780540
6714503	2279703236
6714503	1797454576
6714503	3452927204
6714503	1463452187
2751322	3968281788
2751322	2603046136
2751322	1667459529
2751322	3883604512
2751322	1052149747
2751322	561808869
2751322	2340536451
2751322	3375745541
2751322	1012133859
2751322	560779118
2751322	1053425326
2751322	2407578478
2751322	1224078303
2751322	485931637
2751322	3643522106
2751322	2961145942
2751322	2601774701
2751322	2086361743
2751322	1831539048
2751322	2575748742
2751322	2517502724
2751322	1612626165
2751322	1557787851
2751322	401644091
2751322	3680456581
2751322	3438097173
2751322	3285685492
2751322	3506498587
2751322	647442649
5978900	3436900533
5978900	3314939341
5978900	2556854720
5978900	1887286948
5978900	2555836231
5978900	2957747762
5978900	952518965
5978900	3727490762
5978900	1003549954
5978900	1506649997
5978900	1404356018
5978900	3683928301
5978900	3205360395
5978900	2026747656
5978900	1482047219
5978900	940753721
5978900	4035733883
5978900	4020258745
5978900	3988573830
5978900	3347117031
5978900	3771158699
5978900	3311161195
5978900	3217352304
5978900	3039226573
5978900	4098190747
5978900	4046779525
5978900	3646128712
5978900	494920062
25064956	3248417930
25064956	4026632174
1436908	2952539235
1436908	763315255
1436908	2691430979
1436908	2295944676
1436908	2765820008
1436908	3967793587
1436908	2132568440
1436908	398052209
1436908	1483303096
1436908	3285598390
1436908	56282388
1436908	201489347
1436908	1539251877
1436908	2246656426
1436908	1071271167
1436908	490577161
1436908	2664958867
1436908	3143569782
1436908	1052388311
1436908	2476350105
1436908	1832060013
1436908	1224078269
1436908	1112028264
1436908	1049622262
1436908	1589125856
1436908	3916675344
1436908	3130516639
1436908	3904229270
6714571	3634931434
6714571	1702320601
6714571	1735374277
6714571	2747965929
6714571	1557780771
6714571	1052345525
6714571	2942950551
6714571	2595112745
6714571	2296606085
6714571	2000317275
6714571	3594138533
10988640	3539939475
10988640	3877425598
10988640	3934879056
10988640	2064953755
10988640	707185825
10988640	1290654299
10988640	3400224650
10988640	3304434020
10988640	1093946316
10988640	1183326334
10988640	2563152977
10988640	2352251040
10988640	2548587762
10988640	1106097410
10988640	995866578
10988640	1576712767
10988640	3185832598
10988640	3631316064
10988640	3900751708
10988640	3597442702
10988640	3439319544
10988640	3463518317
10988640	3349672771
10988640	1279697476
10988640	3174716756
10988640	3077142486
1900672	4127242086
1900672	4009799014
1436913	2443501436
1436913	2795191358
1436913	998264348
1436913	1100820481
1436913	1273694359
1436913	1641412743
1436913	3360323497
1436913	4134409988
1436913	2820830648
1436913	1740835422
1436913	3061571815
1436913	2816238951
1436913	1585724944
1436913	1373723917
1436913	2938656490
1436913	2807819511
1436913	2446451839
1436913	2423125380
1436913	2078333731
1436913	2769127575
1436913	3831907024
1436913	3262831838
1436913	4121167680
1436913	3027574892
1436913	3864827375
1436913	3980442939
1436913	4017704182
1436913	3609434953
1436913	4106946269
19028019	1127037917
19028019	3308087947
1436881	3022552505
1436881	1124728202
1436881	2288604558
1436881	2764706135
1436881	2536632625
1436881	2300759892
1436881	3883234214
1436881	1705364220
1436881	3979474191
1436881	1219404286
1436881	3236314561
1436881	3130296628
1436881	3130509901
1436881	3385471913
1436881	1675394411
1436881	985832288
1436881	2333309601
1436881	2747490016
1436881	3958511056
1436881	3015660557
1436881	3014894357
1436881	1948073207
1436881	3557722051
1436881	2783847404
1436881	1936523786
1436881	469556872
1436881	1097371863
1436881	676978916
1436881	2340546689
1436881	1178653001
909710	3409199516
909710	114368249
909710	2261731530
909710	1153226597
909710	2084847720
909710	3009361090
909710	97301525
909710	1118389560
909710	95885909
909710	2165925613
909710	3843190367
909710	4087205857
909710	2099905732
909710	3149628038
909710	2186172605
909710	3230475488
909710	3434527326
909710	4044992182
909710	4046803628
909710	4094135400
909710	1841035057
909710	2671679208
909710	307136604
909710	1869657782
909710	180784415
909710	1659502923
909710	3208980060
909710	105585298
16040471	3957231665
12145748	2780379561
12145748	677248283
28659698	3819928550
28659698	3962145085
25947318	4092572481
25947318	2786119445
25947318	3621015440
25947318	2045729925
25947318	1623520095
2434508	3709717191
2434508	307135069
2434508	1772388621
2434508	2166520381
2434508	274857809
2434508	1159876197
2434508	288294998
2434508	2394823575
2434508	1593069251
2434508	2819447663
2434508	883046946
2434508	3467845628
2434508	2946976073
2434508	1258890540
2434508	1301392593
2434508	3877131599
2434508	2353698303
2434508	3463498962
2434508	3654800722
2434508	714637208
2434508	109505407
2434508	1168392806
2434508	532880018
2434508	1540791806
2434508	2175093422
2434508	3206298801
2434508	1328349075
2434508	424911832
2434508	2371479386
7721140	4114276728
7721140	3597079592
7721140	2834863951
7721140	4059989611
7721140	4111591053
7721140	3988094993
7721140	2492757540
7721140	1852588990
7721140	3679969287
7721140	2495004395
7721140	162867144
19401476	1144398423
15764841	1870500683
15764841	3472728081
15764841	1788517560
5138737	3037513119
5138737	1362563324
5138737	2627240258
5138737	1829651344
5138737	3388046979
5138737	2218266520
5138737	2337933997
5138737	2236727625
5138737	3254241133
5138737	70206344
8337902	1093345786
23668256	588951235
23668256	1258716755
334255	132340812
334255	1058497901
334255	3849321859
334255	3895762156
334255	3878442806
334255	3681928327
334255	424467044
334255	3915358217
334255	3687508569
334255	4137179142
334255	3932933745
334255	4041008253
334255	4081616176
334255	4034820858
334255	3591270131
334255	2404463098
334255	1250452232
334255	1580095247
334255	623494610
334255	2619679393
334255	3439669941
334255	1679974047
334255	2339049964
334255	2411674986
334255	1238436723
334255	1191088493
11476957	526400961
11476957	171632455
11476957	3374248356
11476957	4122002920
11476957	20111539
8168339	1005555273
8168339	4063407655
8168339	2922056224
8168339	3912065954
8168339	3502646752
8168339	3562620066
8168339	3946592474
8168339	364929586
8168339	1085591056
8168339	1988135665
23580250	1115172124
23580250	1113428546
23580250	1708031768
23580250	1214388490
22322828	2525285877
22322828	1807782872
22322828	2004603381
22322828	2844996949
25408649	3670429200
25408649	1706704273
1884735	1308625407
1884735	2371638496
1884735	3004286543
1884735	4077384191
1884735	1102384982
1884735	246929884
1884735	1587206060
1884735	294909653
1884735	46961282
1884735	783817644
1884735	382894649
4715098	196631678
10424766	3977055938
10424766	3466446940
10424766	3627881943
10424766	3790099743
10424766	3485160960
10424766	2693284346
10424766	2156752505
10424766	1088082821
10424766	1920847592
10424766	3409960968
10424766	3328238263
10424766	4140276390
10424766	3545867804
10424766	3323545500
10424766	3758177005
10424766	3432469743
10424766	3901865481
10424766	3594084473
10424766	3627727656
10424766	3523895772
10424766	3728402795
10424766	3940387662
10424766	3963610966
10424766	3221762063
10424766	3730470592
10424766	1103786329
10424766	2956146105
10424766	931587758
10424766	4025135863
6324431	1073118448
6324431	3679046614
6324431	1488645305
6324431	2313124811
6324431	3130805600
6324431	2453786743
6324431	2383234915
6324431	3104342563
6324431	1652332715
6324431	364220399
6324431	709459420
6324431	1875439371
6324431	204562261
6324431	1029194521
6324431	1332539400
6324431	1575262139
6324431	930709093
6324431	2709435516
6324431	3601484362
6324431	4109913909
6324431	3428363524
6324431	3793945716
6324431	3741354860
6324431	3840452018
6324431	3127112736
6324431	1307026958
6324431	1757781540
6324431	2654324633
6324431	2854861321
24502052	1511620347
24502052	2989576790
24502052	1460722789
24502052	2011899476
24502052	3530067069
24502052	2608553559
24502052	744149136
24502052	738511409
24502052	3411425226
24502052	3468009286
24502052	3427618551
24502052	3415326751
24502052	3456794110
24502052	3765282770
24502052	2954294540
24502052	2822955562
24502052	4025369510
24502052	4024490780
24502052	3919574885
24502052	2759043048
24502052	2886644795
24502052	2020657308
24502052	2456223975
24502052	2703138798
24502052	2909920679
24502052	3214210079
24502052	3366551009
24502052	3892915673
24502052	3948409940
24502052	4138136823
20792971	3284601207
20792971	3137972773
20792971	2557050623
20792971	2161997681
20792971	1329269850
20792971	1459598585
20792971	1321585823
3762355	1954917169
3762355	4106205800
3762355	1528997960
3762355	2308477165
3762355	2025206209
3762355	2302567938
3762355	197386539
3762355	131005061
3762355	1614173638
3762355	3247390931
3762355	184625347
16120628	445496143
43923467	3066332150
43923467	2802191140
7697015	3762613319
7697015	3758801266
7697015	2040469974
7697015	2441898418
7697015	1474072986
24464306	1220495024
9640396	3611993600
9640396	3449108196
3395689	122130322
3395689	26961199
3395689	1451720095
3395689	3578642364
3395689	1971337630
3395689	38773319
3395689	32467547
3395689	2560984
3395689	737081442
3395689	2415490687
3395689	2406436491
3395689	2367665234
3395689	3710018055
3395689	1938607917
3395689	2249097834
3395689	2369140296
3395689	2952681391
3395689	3995492706
3395689	821082902
3395689	1262668968
3395689	202244090
3395689	855308507
3395689	4075508927
3395689	1005108525
3395689	854537611
3395689	2331430095
3395689	1415364678
3395689	1924599957
